ct_0,ct_1,ct_2,ct_3,ct_4
0.014943725305792,0.12290790213779199,0.12290790213779199,0.12290790213779199,0.12290790213779199
