ct_0,ct_1,ct_2,ct_3,ct_4,ct_5,ct_6,ct_7,ct_8,ct_9,ct_10,ct_11,ct_12,ct_13,ct_14,ct_15,ct_16,ct_17,ct_18,ct_19
0.1169986060492,0.004992546507712,0.008929624737328,0.025196181279999997,0.0133145476972,0.0037417434892000005,0.01006016272,0.0062914847607519996,0.006320608660528,0.0054337345450720005,0.012946074476992002,0.004995050204608,0.0037405055511519998,0.013585964388352,0.007761766138288001,0.004968138360832,0.0037457668833280004,0.003710489785792,0.005920480549168,0.0038501165932
