ct_0,ct_1,ct_2,ct_3,ct_4,ct_5
0.9285714285714286,0.8571428571428572,0.6666666666666667,0.33333333333333337,0.16666666666666663,0.16666666666666663
