ct_0,ct_1,ct_2,ct_3,ct_4,ct_5
0.022638301991728,0.10893990856595201,0.11635296740396799,0.119702908506112,0.12498148624479999,0.12498148624479999
