ct_0,ct_1
0.015570561305392,0.08623022972459199
