ct_0,ct_1,ct_2,ct_3
0.10919605658444799,0.014958316908592,0.0168330374188,0.010134334439727999
