ct_0,ct_1,ct_2,ct_3
0.019152988703151998,0.109863736193968,0.124133826876352,0.124133826876352
