ct_0,ct_1,ct_2,ct_3,ct_4,ct_5
0.030533326320688,0.11834129354948802,0.12217539257195201,0.11642302696652801,0.1289150186992,0.12672122970731198
