ct_0,ct_1,ct_2,ct_3,ct_4,ct_5,ct_6
0.05411226967187201,0.144205055660032,0.15470232062315203,0.157389429006592,0.1476298811212,0.130647593254912,0.157880791408048
