ct_0,ct_1,ct_2,ct_3,ct_4,ct_5,ct_6
0.102869598282928,0.011105253403071998,0.005376569131312001,0.005632150536448,0.010552092960688,0.031513235943472,0.007553615463088
