ct_0,ct_1,ct_2
0.0161859475312,0.12283870059520002,0.1175794953712
