ct_0,ct_1,ct_2
0.12628119688748798,0.006656376640768,0.009760662443968
