ct_0,ct_1,ct_2
0.04517264493880001,0.09453200277299201,0.09424813765163201
