ct_0,ct_1,ct_2
0.4285714285714286,0.25,0.11111111111111116
