ct_0,ct_1,ct_2
0.13191386655155202,0.012258134756800002,0.033199527758272
