ct_0,ct_1
0.012378191960752,0.1127683710448
