ct_0,ct_1
0.1152780425728,0.009314075916592
