ct_0,ct_1,ct_2,ct_3,ct_4,ct_5,ct_6
0.059328612716847993,0.07148266789811202,0.124573957992448,0.131823755821312,0.131823755821312,0.12632057238443198,0.105173194651072
