ct_0,ct_1,ct_2,ct_3,ct_4,ct_5,ct_6,ct_7
0.9523809523809523,1.0,0.5,1.0,0.5,1.0,0.09999999999999998,0.33333333333333337
