ct_0,ct_1
0.08160652956356801,0.036578727462832
