ct_0,ct_1
0.030787952121087998,0.0828828224512
