ct_0,ct_1
0.9444444444444444,0.8928571428571429
