ct_0,ct_1
0.0166989048748,0.085615806026032
