ct_0,ct_1
0.10312913707,0.0166989048748
