ct_0,ct_1,ct_2,ct_3
0.09989543367520001,0.081282294805552,0.054837395576368006,0.107088152802352
