ct_0,ct_1,ct_2,ct_3
0.026626848977968,0.033366212109232,0.050788303165888,0.022188503084991998
