ct_0,ct_1,ct_2,ct_3,ct_4,ct_5
0.10147380615059201,0.08261676784844801,0.073117058817328,0.10110927554756799,0.116954877164992,0.117989690115328
