ct_0,ct_1,ct_2,ct_3,ct_4,ct_5,ct_6
0.013138714571200001,0.0120455677168,0.033807659315632003,0.0037107991852,0.00926246428,0.0079840888432,0.006944403318208
