ct_0,ct_1,ct_2,ct_3,ct_4,ct_5,ct_6
0.116490944784832,0.118082296079152,0.09986728619320001,0.12079414489235202,0.116633293263808,0.120780496712752,0.12043237790276798
