ct_0,ct_1,ct_2,ct_3,ct_4
0.041396424148528,0.138805197949888,0.14733068803,0.15183387816107197,0.14965678710879998
