ct_0,ct_1,ct_2,ct_3,ct_4
0.131948227091248,0.065437608306688,0.141977277140992,0.168303642747568,0.167622872809408
