ct_0,ct_1,ct_2,ct_3,ct_4
0.032138902915072,0.081557101434112,0.019702303260928,0.005066115649072,0.0054126868059519995
