ct_0,ct_1,ct_2,ct_3,ct_4,ct_5,ct_6,ct_7
0.8571428571428572,0.625,1.0,1.0,0.7142857142857143,1.0,0.06666666666666665,0.33333333333333337
