ct_0,ct_1,ct_2,ct_3,ct_4,ct_5
0.089603442100528,0.021272050174768,0.09468585725228801,0.078325538783488,0.081353247355312,0.089603442100528
