ct_0,ct_1,ct_2,ct_3,ct_4,ct_5
0.0153954459628,0.08345824422092799,0.009864002349232,0.025055551425471997,0.019034430797248,0.013233802351552
