ct_0,ct_1,ct_2,ct_3,ct_4,ct_5
0.023896472341551997,0.113176967725312,0.11498865108395201,0.1268789524108,0.11779535394347201,0.109327371977392
