ct_0,ct_1,ct_2,ct_3
0.011370042010672,0.10693890546611201,0.10561187112755199,0.10693890546611201
