ct_0,ct_1,ct_2,ct_3
0.9523809523809523,0.33333333333333337,0.16666666666666663,0.5
