ct_0,ct_1,ct_2,ct_3
0.103788784672432,0.013563800433088,0.026950907753007996,0.010124202637312
