ct_0,ct_1,ct_2,ct_3,ct_4,ct_5
0.110620698903808,0.047884978833712004,0.11658152321324801,0.122816185590832,0.122816185590832,0.11806171479275201
