ct_0,ct_1,ct_2,ct_3,ct_4,ct_5,ct_6
0.09410003448755201,0.058721950700799996,0.091431120859072,0.10173886444715201,0.12486823675,0.117375665157808,0.117375665157808
