ct_0,ct_1,ct_2,ct_3,ct_4,ct_5,ct_6
0.023228283654591998,0.059817948361648,0.030914090325952,0.034717937079472,0.0078444871468,0.013766774584768,0.013766774584768
