ct_0,ct_1,ct_2,ct_3,ct_4,ct_5,ct_6
1.0,0.9047619047619048,0.8333333333333334,0.5,0.25,0.4,0.4
