ct_0,ct_1,ct_2
0.024803396500911998,0.13402367357099199,0.13922712625220798
