ct_0,ct_1,ct_2,ct_3,ct_4
0.9285714285714286,0.875,1.0,0.33333333333333337,0.33333333333333337
