ct_0,ct_1,ct_2,ct_3,ct_4
0.013678018629568,0.1242308511088,0.12204441666764801,0.136533139721152,0.136533139721152
