ct_0,ct_1,ct_2,ct_3,ct_4
0.131815872184768,0.0122465008492,0.012190340588992,0.00797124508,0.00797124508
