ct_0,ct_1,ct_2,ct_3,ct_4,ct_5
0.13191386655155202,0.0132642853612,0.011468779364608,0.005298405668800001,0.016009690346800002,0.004164065127088
