ct_0,ct_1,ct_2,ct_3,ct_4,ct_5
0.032996662024192,0.14267614607339202,0.145816477566208,0.157167092312512,0.138004533819952,0.159355319419312
