ct_0,ct_1,ct_2,ct_3,ct_4,ct_5
0.0947049690112,0.0229385672512,0.10232692637228799,0.08324521440107199,0.1043521974412,0.09855035978675199
