ct_0,ct_1,ct_2,ct_3,ct_4,ct_5,ct_6
0.02175467452,0.142558518347008,0.142558518347008,0.134042368152832,0.134042368152832,0.149133341030848,0.149257067446528
