ct_0,ct_1,ct_2,ct_3,ct_4,ct_5,ct_6
0.1313279798092,0.008205861356800001,0.008205861356800001,0.015485019264447999,0.015485019264447999,0.009128181743872,0.007632029390848
