ct_0,ct_1,ct_2,ct_3,ct_4,ct_5
0.025192900879791997,0.1094719335532,0.11769849812319999,0.113317373052592,0.127906962759088,0.12181053654520001
