ct_0,ct_1,ct_2,ct_3
0.038767456200111995,0.135579663443968,0.154833127,0.139691498952112
