ct_0,ct_1,ct_2,ct_3,ct_4,ct_5
0.016362776784832,0.0843600408172,0.009709839351232,0.003971309996032,0.003971309996032,0.010807498136751999
