ct_0,ct_1,ct_2,ct_3,ct_4,ct_5
0.103151378603968,0.047120312056768,0.1103544230092,0.11592753480908802,0.11592753480908802,0.11182775846660799
