ct_0,ct_1,ct_2,ct_3,ct_4,ct_5,ct_6
0.011303380226608,0.11038776169292802,0.11664731568947201,0.12534855339155201,0.12535519063955197,0.11664731568947201,0.12535519063955197
