ct_0,ct_1,ct_2,ct_3
0.1152780425728,0.009314075916592,0.012378191960752,0.006494871470128
