ct_0,ct_1,ct_2,ct_3
0.9761904761904762,0.4,0.2857142857142857,0.6666666666666667
