ct_0,ct_1,ct_2,ct_3
0.0051315853137279994,0.11219207869772799,0.11219207869772799,0.11219207869772799
