ct_0,ct_1,ct_2,ct_3,ct_4,ct_5
0.9285714285714286,0.7142857142857143,0.09999999999999998,1.0,0.25,0.33333333333333337
