ct_0,ct_1,ct_2,ct_3,ct_4,ct_5
0.018513467987632,0.118328284785328,0.132760294885168,0.119682773392048,0.13368393615659202,0.13471145941811197
