ct_0,ct_1,ct_2,ct_3,ct_4,ct_5
0.1200328573552,0.11139057848320001,0.10239090270611201,0.115118014026688,0.12999872956868802,0.116124566921152
