ct_0,ct_1,ct_2,ct_3,ct_4,ct_5
0.5625,0.5714285714285714,0.4444444444444444,0.7857142857142857,1.0,1.0
