ct_0,ct_1,ct_2,ct_3,ct_4,ct_5
0.025162287185967996,0.0324261166192,0.050654109823792,0.021044982864688,0.007699602951088,0.016064767485951998
