ct_0,ct_1,ct_2,ct_3,ct_4,ct_5,ct_6,ct_7,ct_8,ct_9,ct_10,ct_11
0.7142857142857143,0.7857142857142857,1.0,1.0,1.0,0.9166666666666666,1.0,0.9166666666666666,0.1333333333333333,1.0,1.0,0.25
