ct_0,ct_1,ct_2,ct_3,ct_4
0.0458652815692,0.14074012984364803,0.14923114066124799,0.147326583021568,0.142683680096512
