ct_0,ct_1,ct_2,ct_3,ct_4,ct_5,ct_6
0.8928571428571429,1.0,1.0,0.38095238095238093,0.38095238095238093,0.25,0.5
