ct_0,ct_1,ct_2,ct_3,ct_4
0.07719423652787201,0.086724712516912,0.0946395918448,0.100484057789872,0.100484057789872
