ct_0,ct_1,ct_2,ct_3,ct_4
0.121885558203328,0.0125743164928,0.012285063002032002,0.003747004880128,0.003747004880128
