ct_0,ct_1,ct_2,ct_3,ct_4,ct_5
0.103788784672432,0.015954635603392,0.0130784837488,0.013563800433088,0.010124202637312,0.0134721622348
