ct_0,ct_1,ct_2,ct_3,ct_4,ct_5
0.019316124163887997,0.10789845188243202,0.11133272125355201,0.117038560849072,0.117038560849072,0.10789845188243202
