ct_0,ct_1,ct_2,ct_3,ct_4,ct_5
0.08352977488,0.10076878869395199,0.06557306138411201,0.09620104667012801,0.0952612644652,0.100039282507312
