ct_0,ct_1,ct_2,ct_3,ct_4,ct_5
0.19047619047619047,0.2857142857142857,0.9375,1.0,0.6666666666666667,1.0
