ct_0,ct_1,ct_2,ct_3,ct_4,ct_5
0.1313279798092,0.010878500295088,0.031704827618752,0.007633630215088,0.011299751141632002,0.005242876263088
