ct_0,ct_1,ct_2,ct_3,ct_4
0.018428162394111998,0.1192819501168,0.137699499344128,0.12321178222955201,0.1192819501168
