ct_0,ct_1
0.019221930801088,0.11561607283883202
