ct_0,ct_1,ct_2,ct_3
0.049770806322112,0.051458477786368,0.104628049196992,0.091867586710192
