ct_0,ct_1,ct_2,ct_3
0.0606808408588,0.046128637157632005,0.007002985444288,0.023856362395647996
