ct_0,ct_1,ct_2,ct_3,ct_4,ct_5,ct_6
0.018876857234992,0.12065495879723201,0.12422147828228801,0.13306076203307202,0.13065208380620802,0.122791475672512,0.12065495879723201
