ct_0,ct_1,ct_2,ct_3,ct_4,ct_5
0.165319820325808,0.17028662838092798,0.150838806527152,0.1552425377452,0.146379460509232,0.110453920026928
