ct_0,ct_1,ct_2,ct_3,ct_4,ct_5
0.008059895184832,0.005496586685872,0.017520194997808,0.015146453925808002,0.035225256133888,0.055365767916208
