ct_0,ct_1,ct_2,ct_3,ct_4,ct_5
0.011303380226608,0.11038776169292802,0.12379390215812801,0.13267562089796803,0.13268239410155203,0.12379390215812801
