ct_0,ct_1,ct_2,ct_3,ct_4,ct_5,ct_6
0.8809523809523809,0.33333333333333337,1.0,1.0,0.8,0.8,1.0
