ct_0,ct_1,ct_2,ct_3
0.07560783731507201,0.05552883876659201,0.097429475350528,0.112195271614912
