ct_0,ct_1,ct_2,ct_3,ct_4,ct_5,ct_6
0.10803921851795201,0.04937174800000001,0.11860482809924801,0.08379818340280001,0.08379818340280001,0.10803921851795201,0.11860482809924801
