ct_0,ct_1,ct_2,ct_3
0.0204389642752,0.120124384497088,0.123528031778752,0.13099071827320002
