ct_0,ct_1,ct_2,ct_3
0.11259463120691202,0.010808484001792,0.008782455482368,0.0073771341388
