ct_0,ct_1,ct_2,ct_3,ct_4,ct_5,ct_6,ct_7
0.11307130276652802,0.0151403370028,0.013878140805807999,0.013234807171888,0.007958723741871999,0.007958723741871999,0.006173797471792,0.00496782547
