ct_0,ct_1,ct_2,ct_3,ct_4,ct_5,ct_6
0.10924034976563202,0.005081774813872,0.009067576106032,0.003733697138992,0.006383946714928,0.003905582601472,0.010698115452928
