ct_0,ct_1,ct_2,ct_3,ct_4,ct_5,ct_6
0.015864749630512,0.12050055529676801,0.118252952147392,0.12287055356972801,0.118252952147392,0.122565872715568,0.121644123044272
