ct_0,ct_1,ct_2
0.019221930801088,0.121893773238448,0.12671900875844797
