ct_0,ct_1,ct_2,ct_3,ct_4
0.011592723026608001,0.12543595378892802,0.1277994622192,0.1299667929712,0.13004916149060802
