ct_0,ct_1,ct_2,ct_3,ct_4
0.11653353517508801,0.0063177592606720005,0.0090095915248,0.003769910314432,0.0037244136145119996
