ct_0,ct_1,ct_2,ct_3,ct_4
0.135232821757888,0.007744780183552,0.021715849318192,0.005805061740591999,0.009632016549808
