ct_0,ct_1,ct_2,ct_3,ct_4
0.023122540434687998,0.150029154413872,0.12591925747,0.150700992123328,0.150029154413872
