ct_0,ct_1,ct_2,ct_3,ct_4
0.009501879602608,0.11112420197420801,0.11207928225587199,0.1140796986892,0.1046431215628
