ct_0,ct_1,ct_2,ct_3,ct_4
0.123062831484928,0.027172609681407996,0.0173225277772,0.013453372614832,0.017208272545792002
