ct_0,ct_1,ct_2,ct_3,ct_4,ct_5
0.013508742657472,0.124960490914048,0.135415868618752,0.135415868618752,0.124960490914048,0.124960490914048
