ct_0,ct_1,ct_2,ct_3,ct_4,ct_5
0.10682165155148801,0.10789425084716801,0.10789425084716801,0.119882544275392,0.11052115072,0.12035494476203201
