ct_0,ct_1,ct_2,ct_3,ct_4,ct_5
0.017437223280688,0.022735454229951997,0.022735454229951997,0.00517922332,0.010775626024191999,0.006384897048832
