ct_0,ct_1,ct_2,ct_3,ct_4,ct_5
0.7777777777777778,0.5,0.5,1.0,1.0,0.6666666666666667
