ct_0,ct_1,ct_2,ct_3,ct_4,ct_5,ct_6,ct_7
0.5357142857142857,0.7777777777777778,0.8333333333333334,1.0,1.0,0.5,1.0,0.5
