ct_0,ct_1,ct_2,ct_3,ct_4
0.106509883512832,0.013799400801712,0.012428776048048,0.0062899021496319995,0.0099426248512
