ct_0,ct_1,ct_2,ct_3,ct_4
0.014862652257328,0.098140984649728,0.098140984649728,0.10889881739468799,0.10958805184119999
