ct_0,ct_1,ct_2,ct_3,ct_4,ct_5
0.023767146932271995,0.144736025270272,0.144736025270272,0.12122515889079999,0.144651557714992,0.145354647533488
