ct_0,ct_1,ct_2,ct_3,ct_4,ct_5
0.8571428571428572,1.0,1.0,0.3214285714285714,0.33333333333333337,0.08333333333333337
