ct_0,ct_1,ct_2,ct_3,ct_4,ct_5
0.13056621159659199,0.004276581746992,0.004276581746992,0.056178477604528,0.007566734180608001,0.025116742379967995
