ct_0,ct_1,ct_2,ct_3
0.057051471766192005,0.0853801539532,0.05713124587,0.084940552465072
