ct_0,ct_1,ct_2,ct_3,ct_4,ct_5,ct_6
0.116876071518208,0.028840658656048,0.028840658656048,0.013398026094592,0.009231962013951999,0.004621673257648,0.007151800762672
