ct_0,ct_1,ct_2,ct_3,ct_4,ct_5
0.017321146484272,0.049487536122928,0.032485982851888,0.006923715537328,0.025591068242368,0.025591068242368
