ct_0,ct_1,ct_2,ct_3,ct_4,ct_5
0.17882351683475198,0.143608573832128,0.17834726115563201,0.18289634993195197,0.16039347050291203,0.16039347050291203
