ct_0,ct_1,ct_2,ct_3,ct_4,ct_5
0.4285714285714286,0.5833333333333333,0.2222222222222222,1.0,0.6666666666666667,0.6666666666666667
