ct_0,ct_1,ct_2,ct_3
0.005043570246448,0.11416801948000001,0.11640200756459199,0.11640200756459199
