ct_0,ct_1,ct_2,ct_3
0.12120438796676801,0.025407367435312002,0.016184577660351997,0.016184577660351997
