ct_0,ct_1,ct_2,ct_3,ct_4
0.9047619047619048,0.6,1.0,1.0,0.11111111111111116
