ct_0,ct_1,ct_2,ct_3,ct_4
0.017021043756592,0.11643003372587199,0.11206651529420801,0.12626178803396798,0.1256368351372
