ct_0,ct_1,ct_2,ct_3,ct_4,ct_5,ct_6,ct_7
0.8928571428571429,1.0,0.41666666666666663,1.0,0.5,0.4,0.25,0.5
