ct_0,ct_1,ct_2,ct_3,ct_4,ct_5,ct_6
0.050287735298608,0.07180351046699202,0.112138867990528,0.112908069000448,0.112908069000448,0.112908069000448,0.11419318182788799
