ct_0,ct_1,ct_2,ct_3,ct_4,ct_5,ct_6
0.9642857142857143,0.8333333333333334,0.2222222222222222,0.25,0.25,1.0,1.0
