ct_0,ct_1,ct_2,ct_3
0.0992767928128,0.081082003999408,0.083277085722928,0.09798837581132801
