ct_0,ct_1,ct_2,ct_3
0.026973395715328,0.036645522993088,0.04721578589060801,0.028770543962800002
