ct_0,ct_1,ct_2,ct_3,ct_4,ct_5,ct_6
0.08420735248,0.114461520353728,0.1011108170752,0.119320543600432,0.1489289813548,0.15120811989879998,0.14853057334316802
