ct_0,ct_1,ct_2,ct_3,ct_4,ct_5
0.102306291679168,0.048515644733488,0.099921536402992,0.102306291679168,0.103562358212608,0.11746269698963199
