ct_0,ct_1,ct_2,ct_3,ct_4,ct_5
0.018206610563248,0.12782897988740802,0.140350517881792,0.140026334707888,0.13456676576363202,0.140026334707888
