ct_0,ct_1,ct_2,ct_3,ct_4,ct_5
0.13191386655155202,0.012258134756800002,0.005121872118448,0.0132642853612,0.008335901704192,0.011468779364608
