ct_0,ct_1,ct_2,ct_3,ct_4,ct_5
0.010988370027952,0.124430496448768,0.13498795203179198,0.13498795203179198,0.128682140005168,0.132878306387392
