ct_0,ct_1,ct_2,ct_3,ct_4,ct_5
0.126524729257648,0.012281073274672,0.006459681015807999,0.003711108585472,0.007229948396992,0.0061191072862719995
