ct_0,ct_1,ct_2,ct_3,ct_4,ct_5
0.9761904761904762,0.75,0.33333333333333337,1.0,1.0,0.6666666666666667
