ct_0,ct_1,ct_2
0.008621260127152,0.10930469119532801,0.10930469119532801
