ct_0,ct_1,ct_2,ct_3,ct_4,ct_5,ct_6
0.023510991155631995,0.120779404881712,0.1085786971648,0.12081106938500799,0.125206435529008,0.125056637651392,0.1108575132172
