ct_0,ct_1,ct_2,ct_3,ct_4,ct_5,ct_6
0.022404107375152,0.104715375059392,0.103516264122928,0.10073337523,0.112638856869808,0.11054656437452799,0.112638856869808
