ct_0,ct_1,ct_2
0.005973182775232001,0.12120438796676801,0.12120438796676801
