ct_0,ct_1,ct_2
1.0,0.4285714285714286,0.4285714285714286
