ct_0,ct_1,ct_2
0.12120438796676801,0.0112647853168,0.010990673718208001
