ct_0,ct_1,ct_2,ct_3,ct_4,ct_5
0.095036605573552,0.122263102764592,0.0834717755968,0.115499416461568,0.145563017163712,0.145563017163712
