ct_0,ct_1,ct_2,ct_3,ct_4,ct_5,ct_6
0.049781274398512,0.064593360406528,0.09188003846579201,0.123173301789232,0.123034257786112,0.123173301789232,0.123034257786112
