ct_0,ct_1,ct_2,ct_3,ct_4,ct_5
0.020340853609408,0.12508371817720002,0.13551880075,0.12508371817720002,0.13547614587999998,0.124174617895168
