ct_0,ct_1,ct_2,ct_3,ct_4,ct_5
0.0134839071232,0.135601849502512,0.14851939773803197,0.149259424509952,0.141939098565568,0.148288896958768
