ct_0,ct_1,ct_2,ct_3,ct_4,ct_5,ct_6
0.050456135569408006,0.1302834814828,0.125397782608048,0.1025942705152,0.131294801969152,0.1336946897392,0.129030117332992
