ct_0,ct_1,ct_2,ct_3,ct_4,ct_5,ct_6
0.121004941320448,0.0075081911308,0.029394440465199997,0.0250941571648,0.04764205282436801,0.00558746908,0.008226452407552
