ct_0,ct_1,ct_2,ct_3,ct_4,ct_5,ct_6
0.083837378793472,0.15686922652000002,0.127083429143728,0.15802102860179199,0.166887842897968,0.162014717922352,0.162169097025328
