ct_0,ct_1,ct_2,ct_3,ct_4,ct_5,ct_6,ct_7,ct_8
0.7380952380952381,0.5,0.06666666666666665,1.0,1.0,0.75,0.5,1.0,1.0
