ct_0,ct_1,ct_2,ct_3,ct_4
0.011539494996928001,0.11604703228000002,0.120488555096512,0.12280135942988801,0.118214479327408
