ct_0,ct_1,ct_2,ct_3
0.119161305634048,0.015642172165552,0.0163058647552,0.015540223436800001
