ct_0,ct_1,ct_2,ct_3
0.0205979180272,0.115276968299968,0.12495054619283202,0.1210967271232
