ct_0,ct_1,ct_2,ct_3
0.017251754315200003,0.09131527301675199,0.10546957281284801,0.08699676150212801
