ct_0,ct_1
0.05206053860684801,0.053171563010992
