ct_0,ct_1
0.05992420075,0.046080541087792
