ct_0,ct_1,ct_2,ct_3
0.11201226125919998,0.014294159127087999,0.01000301227,0.0043770719927679995
