ct_0,ct_1,ct_2,ct_3
0.019314372787648,0.11998002243140798,0.12709009883319997,0.13256613803780798
