ct_0,ct_1,ct_2,ct_3
0.9761904761904762,0.8333333333333334,0.75,1.0
