ct_0,ct_1,ct_2,ct_3,ct_4
0.085378693931008,0.066340451519152,0.066340451519152,0.0868514071408,0.09309892849964801
