ct_0,ct_1,ct_2
0.072746747083312,0.01116752587,0.038085177557248
