ct_0,ct_1,ct_2
0.044338627976128,0.124369267195312,0.08009044935467201
