ct_0,ct_1,ct_2,ct_3
0.062497877475328006,0.102397610671792,0.082474209323008,0.102415671305152
