ct_0,ct_1,ct_2,ct_3,ct_4,ct_5
0.093240517126192,0.0875887525132,0.0988761197068,0.104369333671168,0.10219024728836801,0.10814851300652799
