ct_0,ct_1,ct_2,ct_3,ct_4,ct_5
0.625,0.5714285714285714,0.4444444444444444,0.8571428571428572,1.0,1.0
