ct_0,ct_1,ct_2,ct_3,ct_4,ct_5
0.12485608530308799,0.11706448000580799,0.10866501392819199,0.1199920048972,0.136174590186928,0.12167915083
