ct_0,ct_1,ct_2,ct_3
0.011895655473088,0.10534296584319999,0.103246569723328,0.112641521256448
