ct_0,ct_1
0.018718064207871997,0.112130887129648
