ct_0,ct_1,ct_2,ct_3
0.010906780892848,0.12448180482999999,0.12448180482999999,0.12448180482999999
