ct_0,ct_1,ct_2,ct_3
0.128930661020608,0.010906780892848,0.010906780892848,0.010906780892848
