ct_0,ct_1,ct_2,ct_3,ct_4,ct_5,ct_6
0.014075534896432002,0.07278106362308799,0.075225416316928,0.08745240448196799,0.08745240448196799,0.08536214755628801,0.083178586526128
