ct_0,ct_1,ct_2,ct_3,ct_4,ct_5,ct_6
0.10312913707,0.0166989048748,0.012319313278912001,0.0054868423408,0.0054868423408,0.005453529240832,0.006877897147312
