ct_0,ct_1,ct_2,ct_3
0.017142040987648,0.120363123496192,0.120363123496192,0.110990565172672
