ct_0,ct_1,ct_2
0.042088732798911996,0.046914229408048,0.084189423285808
