ct_0,ct_1,ct_2
0.6428571428571428,0.8333333333333334,1.0
