ct_0,ct_1,ct_2,ct_3,ct_4,ct_5
0.010936712669632,0.126822297504688,0.13334337888107198,0.126822297504688,0.13334337888107198,0.135509131886848
