ct_0,ct_1,ct_2,ct_3,ct_4,ct_5
0.125,0.9523809523809523,1.0,0.30000000000000004,0.625,0.5
