ct_0,ct_1,ct_2,ct_3,ct_4,ct_5
0.023403967870912,0.060041927729968,0.037579385609152,0.022209227487231996,0.014968498042672,0.0047971160977120005
