ct_0,ct_1,ct_2,ct_3,ct_4,ct_5
0.152442188092672,0.076708618159552,0.101115441704752,0.14375325046148799,0.1433513096908,0.154871361345472
