ct_0,ct_1,ct_2,ct_3,ct_4
0.12053001210668801,0.016309292516799998,0.007571854074111999,0.009338428609792,0.019343098085632
