ct_0,ct_1,ct_2,ct_3,ct_4
0.017682479210752,0.106150371831808,0.126943949989888,0.126943949989888,0.106150371831808
