ct_0,ct_1
0.013928640050608,0.102367168
