ct_0,ct_1
0.11259463120691202,0.010808484001792
