ct_0,ct_1,ct_2,ct_3,ct_4
0.014291795507199999,0.1250560850092,0.113781188116528,0.126142585439488,0.1250560850092
