ct_0,ct_1,ct_2,ct_3,ct_4
0.9047619047619048,0.08333333333333337,0.7777777777777778,0.33333333333333337,0.5
