ct_0,ct_1,ct_2,ct_3,ct_4
0.121004941320448,0.0250941571648,0.013812857279152,0.0061747460846079995,0.00558746908
