ct_0,ct_1,ct_2
0.008335901704192,0.12628119688748798,0.1120415147692
