ct_0,ct_1,ct_2,ct_3
0.016464317553087998,0.13062907031531198,0.13557340607531201,0.13062907031531198
