ct_0,ct_1,ct_2
0.026115246503871998,0.096385113526192,0.08546095396715199
