ct_0,ct_1,ct_2
0.5952380952380952,1.0,0.5714285714285714
