ct_0,ct_1,ct_2
0.12103389492279998,0.004455535648192,0.017977775976448
