ct_0,ct_1,ct_2
0.106509883512832,0.013799400801712,0.012428776048048
