ct_0,ct_1,ct_2
0.012428776048048,0.100142219788288,0.100142219788288
