ct_0,ct_1
0.033680098105648,0.11764169613879999
