ct_0,ct_1,ct_2,ct_3,ct_4,ct_5,ct_6,ct_7,ct_8
0.45238095238095233,0.8571428571428572,0.6666666666666667,1.0,1.0,1.0,0.8,1.0,1.0
