ct_0,ct_1,ct_2,ct_3,ct_4,ct_5,ct_6
0.031651311533488,0.147602299023808,0.147474976641712,0.11430295481132799,0.12206195032883199,0.145971904702912,0.147602299023808
