ct_0,ct_1,ct_2,ct_3,ct_4,ct_5,ct_6
0.12628119688748798,0.009760662443968,0.0043191935365120004,0.05940045480875201,0.019122203067568,0.005120618863408,0.0042517064497119995
