ct_0,ct_1,ct_2,ct_3,ct_4,ct_5,ct_6
0.7857142857142857,0.33333333333333337,1.0,0.4285714285714286,1.0,1.0,1.0
