ct_0,ct_1,ct_2,ct_3,ct_4,ct_5,ct_6
0.008908266017968,0.10433973531947201,0.10643878481920001,0.1064335576048,0.10643564848019199,0.10632276099116801,0.10643878481920001
