ct_0,ct_1,ct_2,ct_3,ct_4,ct_5,ct_6
0.023218209654208,0.11825132644715201,0.12725743757747202,0.13322747984819203,0.13323087149920002,0.135625743650608,0.135467046803392
