ct_0,ct_1,ct_2
0.116876071518208,0.007716902840368,0.003723794740528
