ct_0,ct_1,ct_2
0.090405539484928,0.12418564330700799,0.1288619515852
