ct_0,ct_1,ct_2,ct_3
0.115869954388912,0.01205220508,0.006661457052928,0.003807064318912
