ct_0,ct_1,ct_2,ct_3
0.009067252092928,0.115869954388912,0.124922371002928,0.124922371002928
