ct_0,ct_1
0.004994111311792,0.11270867093036802
