ct_0,ct_1
0.11270867093036802,0.006266482030528001
