ct_0,ct_1,ct_2,ct_3,ct_4,ct_5
0.028655741205807998,0.106400105478592,0.10696665492203199,0.112819551197632,0.125433740854528,0.112819551197632
