ct_0,ct_1,ct_2,ct_3,ct_4,ct_5
0.0108827748592,0.13191386655155202,0.13634840696876802,0.14253071009920001,0.144832748360128,0.138514998853888
