ct_0,ct_1,ct_2,ct_3,ct_4,ct_5
0.011008775614768,0.11044968548919999,0.11455476650828801,0.12276182608,0.122876594978992,0.12276182608
