ct_0,ct_1,ct_2,ct_3,ct_4
0.05182525581107201,0.06446922667691199,0.122897466106288,0.122897466106288,0.122897466106288
