ct_0,ct_1,ct_2,ct_3,ct_4
0.0079327220848,0.10184340670259201,0.09959362431999999,0.10628514078611201,0.09959362431999999
