ct_0,ct_1,ct_2,ct_3,ct_4
0.9047619047619048,1.0,0.5714285714285714,0.5,0.5714285714285714
