ct_0,ct_1,ct_2,ct_3
0.0746463221872,0.077301856540672,0.123508223424448,0.11944015669931199
