ct_0,ct_1,ct_2,ct_3,ct_4,ct_5,ct_6
0.060119274728752004,0.06346828330316799,0.099099614329648,0.09776062471091199,0.09776062471091199,0.104749168394032,0.10993824304172801
