ct_0,ct_1
0.1169986060492,0.009375129178288
