ct_0,ct_1
0.004128965723392,0.098016856891648
