ct_0,ct_1,ct_2,ct_3,ct_4,ct_5
0.043765530977968,0.076111577801008,0.085815586994992,0.085815586994992,0.123563249395648,0.12462970303556799
