ct_0,ct_1,ct_2,ct_3
0.047817377478592,0.1055201256448,0.099066947240752,0.099066947240752
