ct_0,ct_1,ct_2,ct_3
0.5,1.0,0.33333333333333337,0.33333333333333337
