ct_0,ct_1,ct_2,ct_3
0.13310935675000002,0.007589135347648001,0.026402977313728,0.026402977313728
