ct_0,ct_1,ct_2,ct_3,ct_4,ct_5,ct_6
0.020771907679168,0.112809421160368,0.12197538647699199,0.112809421160368,0.11256692659532802,0.12194744958519999,0.12216278605004802
