ct_0,ct_1,ct_2,ct_3
0.049875511386111994,0.06795047812019199,0.09062960128,0.08925333092396799
