ct_0,ct_1,ct_2,ct_3,ct_4
0.076864104835072,0.09498374002067199,0.1045911509548,0.10052149368140802,0.10052149368140802
