ct_0,ct_1,ct_2,ct_3,ct_4
0.057106963698352,0.065640592142512,0.107463413626288,0.12070080212919998,0.118302810730432
