ct_0,ct_1,ct_2,ct_3,ct_4
0.020161392384688,0.128255307129088,0.1406236659712,0.13964837130131202,0.12834955741508802
