ct_0,ct_1,ct_2,ct_3,ct_4,ct_5
0.9285714285714286,0.7777777777777778,1.0,0.2777777777777778,1.0,1.0
