ct_0,ct_1,ct_2,ct_3,ct_4,ct_5
0.054327022139392,0.078059768713648,0.117669825454768,0.109294142538688,0.09190743422891201,0.12080615573708799
