ct_0,ct_1,ct_2,ct_3,ct_4
0.027470423637952,0.11807146366763202,0.12180506114680001,0.11822206517252801,0.1288451951692
