ct_0,ct_1,ct_2,ct_3,ct_4
0.6190476190476191,1.0,1.0,0.13888888888888884,0.5
