ct_0,ct_1,ct_2,ct_3,ct_4
0.06265784493260801,0.148150190107312,0.14164016326763199,0.135190199482288,0.158970214044592
