ct_0,ct_1,ct_2,ct_3,ct_4,ct_5,ct_6
0.099152705897008,0.059050662823167996,0.096373479539968,0.0978805791232,0.13052805266219203,0.131245321965568,0.1200709907008
