ct_0,ct_1,ct_2,ct_3,ct_4,ct_5
0.024778676381488,0.11809854534443201,0.12478870759595198,0.118717678908592,0.113858732197888,0.132719084449792
