ct_0,ct_1,ct_2,ct_3,ct_4,ct_5
0.9428571428571428,0.8333333333333334,0.75,0.8333333333333334,0.5454545454545454,1.0
