ct_0,ct_1
0.073584211648768,0.075216518760112
