ct_0,ct_1,ct_2,ct_3
0.021808476851631998,0.10825469054771197,0.111692770495792,0.11361332733380801
