ct_0,ct_1,ct_2,ct_3
0.9285714285714286,0.8571428571428572,0.8333333333333334,0.6666666666666667
