ct_0,ct_1,ct_2,ct_3,ct_4,ct_5
0.9047619047619048,0.875,0.25,0.08333333333333337,0.5,1.0
