ct_0,ct_1,ct_2,ct_3,ct_4,ct_5
0.017677978366768,0.12440401762739199,0.134318931198208,0.13495671570227202,0.137043906755632,0.1287474649072
