ct_0,ct_1,ct_2,ct_3,ct_4
0.12551009507987199,0.0187124835328,0.006958409426368,0.006958409426368,0.016569711768112
