ct_0,ct_1,ct_2,ct_3,ct_4
0.1210830669772,0.215213727879088,0.2108931314092,0.2108931314092,0.216807279891712
