ct_0,ct_1,ct_2,ct_3,ct_4
0.5238095238095238,0.125,1.0,1.0,0.16666666666666663
