ct_0,ct_1,ct_2,ct_3,ct_4,ct_5
0.115869954388912,0.050935638393088005,0.01205220508,0.015154610258608,0.015154610258608,0.006661457052928
