ct_0,ct_1,ct_2,ct_3,ct_4,ct_5
0.018176031278511997,0.11821339564907199,0.109665135243952,0.11821339564907199,0.11821339564907199,0.11855058620804801
