ct_0,ct_1,ct_2,ct_3,ct_4,ct_5
0.6904761904761905,0.5,0.8333333333333334,1.0,1.0,1.0
