ct_0,ct_1,ct_2,ct_3,ct_4,ct_5
0.037528335308032006,0.111458534023168,0.104563610035648,0.1022872058188,0.11069643951275202,0.11069643951275202
