ct_0,ct_1,ct_2,ct_3,ct_4,ct_5,ct_6
0.020902537168432,0.11103722575763202,0.11245826183372798,0.113124131011888,0.12358306086035199,0.113070769191088,0.11245826183372798
