ct_0,ct_1,ct_2,ct_3,ct_4
0.1169986060492,0.004992546507712,0.008929624737328,0.025196181279999997,0.004499773464832
