ct_0,ct_1,ct_2,ct_3,ct_4
0.0548086518592,0.12570769648196797,0.11675034449080002,0.092209957425088,0.124358787579328
