ct_0,ct_1,ct_2,ct_3,ct_4
0.016569711768112,0.105771968498608,0.10644610306451201,0.126094361321392,0.12252142803500801
