ct_0,ct_1,ct_2,ct_3,ct_4
0.07892962276523201,0.035142730265392004,0.11719032419679999,0.078834622912432,0.11538280076919999
