ct_0,ct_1,ct_2
0.024225340818688,0.11939665618859202,0.12405997409920001
