ct_0,ct_1,ct_2
0.7857142857142857,1.0,0.19999999999999996
