ct_0,ct_1,ct_2
0.13056621159659199,0.011366411005888,0.031523473883392
