ct_0,ct_1
0.13062907031531198,0.019221930801088
