ct_0,ct_1
0.016192112121088,0.13062907031531198
