ct_0,ct_1,ct_2,ct_3,ct_4,ct_5
0.128901611534272,0.015597496158208003,0.012327627835312,0.004838675420608,0.005063610383151999,0.006882987194800001
