ct_0,ct_1,ct_2,ct_3,ct_4,ct_5
0.018310908409647997,0.12103935813879999,0.134537833774528,0.134945925577648,0.134537833774528,0.135787922772928
