ct_0,ct_1
0.05843036619980801,0.0459166100992
