ct_0,ct_1,ct_2,ct_3,ct_4,ct_5
0.012730697924272,0.091136372865712,0.015080202170368,0.0045353009392,0.0381237801712,0.012365881749952
