ct_0,ct_1,ct_2,ct_3,ct_4,ct_5
0.09420445195187199,0.06306404227,0.09984784036868799,0.107235898188208,0.061262368101808,0.09984784036868799
