ct_0,ct_1,ct_2
0.0134721622348,0.103788784672432,0.10717878278291199
