ct_0,ct_1,ct_2,ct_3,ct_4,ct_5
0.024127582579647998,0.1368691979308,0.133114442612992,0.142442084594608,0.142442084594608,0.14785119380780798
