ct_0,ct_1,ct_2,ct_3,ct_4,ct_5
0.8571428571428572,0.8571428571428572,0.5,0.6666666666666667,0.6666666666666667,0.25
