ct_0,ct_1,ct_2,ct_3,ct_4
0.023664632356528003,0.116714739351472,0.126076071125248,0.126095469848368,0.12030587643947198
