ct_0,ct_1,ct_2,ct_3,ct_4
0.1152780425728,0.009314075916592,0.0038826491631999997,0.0038718039148,0.007183053593008
