ct_0,ct_1,ct_2,ct_3,ct_4,ct_5,ct_6
0.099395821183408,0.014740627014448,0.114862557118912,0.099395821183408,0.114862557118912,0.114862557118912,0.114862557118912
