ct_0,ct_1,ct_2,ct_3
0.020641042302208,0.11119740728243199,0.11081988688307201,0.11776234410188799
