ct_0,ct_1,ct_2,ct_3,ct_4,ct_5
0.012351576774832,0.129867639324208,0.12515004659319998,0.126655162390528,0.12940416140920002,0.12515004659319998
