ct_0,ct_1
0.009599143924672,0.100447651955968
