ct_0,ct_1
0.11993155217843199,0.010866663802672
