ct_0,ct_1,ct_2,ct_3,ct_4,ct_5
0.048864234971392,0.14050896623339199,0.151260229621168,0.150481059485632,0.148005069644032,0.1535835035788
