ct_0,ct_1,ct_2,ct_3,ct_4
0.0606808408588,0.046128637157632005,0.007002985444288,0.017321837129008,0.023856362395647996
