ct_0,ct_1,ct_2,ct_3,ct_4
0.6785714285714286,1.0,1.0,0.625,0.4285714285714286
