ct_0,ct_1,ct_2,ct_3,ct_4
0.06290913074372799,0.05824723203404801,0.10996361099411199,0.104536071543472,0.10254935288708801
