ct_0,ct_1,ct_2,ct_3,ct_4,ct_5
0.03805879075,0.09539583980876801,0.088449083726272,0.10710910541291199,0.100632802900912,0.103003476563968
