ct_0,ct_1,ct_2,ct_3,ct_4,ct_5
0.081840357564352,0.011120736265648001,0.04920466192,0.003837415985152,0.007774266787072,0.006307945196848
