ct_0,ct_1
0.12957929538092802,0.010839049674928
