ct_0,ct_1
0.018876857234992,0.11686149988907199
