ct_0,ct_1,ct_2,ct_3,ct_4,ct_5,ct_6
0.024974365385391994,0.129111714294208,0.133859428317232,0.134591161147648,0.136131860667328,0.129111714294208,0.132703843400368
