ct_0,ct_1,ct_2,ct_3,ct_4,ct_5
0.099243085147072,0.0869541750592,0.111564742893568,0.117326483159488,0.09995531973956799,0.11677732058680002
