ct_0,ct_1,ct_2,ct_3,ct_4,ct_5
0.030146296952752002,0.047797060086448004,0.017127557079999998,0.009542532548607999,0.023933339515311996,0.009873786648111999
