ct_0,ct_1,ct_2,ct_3,ct_4,ct_5
0.052929495635200004,0.064601429152192,0.123235422313408,0.124778215503808,0.124778215503808,0.124778215503808
