ct_0,ct_1,ct_2,ct_3,ct_4,ct_5
0.031084567611567998,0.007625306164912001,0.011169503279152001,0.0050820880192,0.0038476383117279998,0.0038476383117279998
