ct_0,ct_1,ct_2,ct_3,ct_4,ct_5
0.036592397006272,0.06478349855948799,0.059940450409408,0.06841424619908801,0.07022641912979201,0.07022641912979201
