ct_0,ct_1,ct_2,ct_3,ct_4,ct_5
0.011683361349808,0.123513725632768,0.12819620415788802,0.13047474907571202,0.13050560809643197,0.130560038556928
