ct_0,ct_1,ct_2,ct_3,ct_4,ct_5,ct_6,ct_7,ct_8,ct_9,ct_10,ct_11,ct_12,ct_13,ct_14,ct_15,ct_16,ct_17,ct_18,ct_19,ct_20,ct_21,ct_22,ct_23
0.7,0.7777777777777778,0.625,0.7142857142857143,0.5833333333333333,1.0,0.16666666666666663,1.0,1.0,1.0,0.8,0.5,0.5,1.0,1.0,1.0,1.0,0.25,0.25,1.0,1.0,1.0,1.0,1.0
