ct_0,ct_1,ct_2,ct_3,ct_4,ct_5
0.0141584884108,0.076862690896048,0.076862690896048,0.08712504983147198,0.08397581773868801,0.09108173126507199
