ct_0,ct_1,ct_2,ct_3
0.028967539377328003,0.034057678394032,0.0132090192448,0.0132090192448
