ct_0,ct_1,ct_2,ct_3
0.074936639259952,0.07272680856467201,0.094072932219328,0.094072932219328
