ct_0,ct_1,ct_2,ct_3
0.6666666666666667,0.6,0.33333333333333337,0.33333333333333337
