ct_0,ct_1,ct_2,ct_3,ct_4,ct_5,ct_6
0.025127307572272,0.11911621075,0.10626006313772801,0.11207077089279999,0.123797756833792,0.121353091550512,0.123866046677248
