ct_0,ct_1,ct_2,ct_3
0.013842129890751998,0.11024966661380801,0.11233153172320001,0.12259715200000001
