ct_0,ct_1,ct_2,ct_3
0.11345142778720001,0.0111477534892,0.009861719458048,0.0087087764032
