ct_0,ct_1,ct_2,ct_3,ct_4
0.11856902748164799,0.06842973577220801,0.09670598683,0.08982785986475202,0.11964468316868798
