ct_0,ct_1,ct_2,ct_3,ct_4,ct_5
0.015010588313008,0.135778246962352,0.14617592250308797,0.148911907014592,0.14617592250308797,0.138104739377152
