ct_0,ct_1,ct_2,ct_3,ct_4,ct_5
0.11112685405316801,0.078747253571248,0.10612896035588801,0.091427639768368,0.12248796109163201,0.136673460348928
