ct_0,ct_1,ct_2
0.0143508987052,0.1051086432112,0.112433763963328
