ct_0,ct_1,ct_2
0.1051086432112,0.016515802924288,0.013241171214592
