ct_0,ct_1,ct_2,ct_3,ct_4
0.10924034976563202,0.005081774813872,0.009067576106032,0.006383946714928,0.0037912723468000002
