ct_0,ct_1,ct_2,ct_3,ct_4
0.0064032716993919995,0.11146012690091202,0.1136678460172,0.1136678460172,0.1136678460172
