ct_0,ct_1,ct_2,ct_3,ct_4
0.10160347594796801,0.015570561305392,0.0112466464972,0.0347388041932,0.006813336375232
