ct_0,ct_1,ct_2,ct_3,ct_4
0.023208855831807998,0.07343490678827201,0.075827426599168,0.072424217632048,0.084301378965952
