ct_0,ct_1,ct_2,ct_3,ct_4
0.5952380952380952,0.7142857142857143,0.8,0.2777777777777778,0.33333333333333337
