ct_0,ct_1,ct_2,ct_3,ct_4,ct_5
0.0356396388352,0.105117492219568,0.11016239549228798,0.11967624333879999,0.11967624333879999,0.11736863871999999
