ct_0,ct_1,ct_2,ct_3,ct_4,ct_5
0.102504957980848,0.045837775034368006,0.0764398013452,0.11429117255680002,0.114645894336448,0.112516318433968
