ct_0,ct_1,ct_2
0.010820314988800001,0.130989594588208,0.14159508282692798
