ct_0,ct_1,ct_2,ct_3,ct_4,ct_5
0.086618118720688,0.021079374999999997,0.09118506237035201,0.08932489802180799,0.09512775808,0.075372036749872
