ct_0,ct_1,ct_2,ct_3,ct_4,ct_5
0.015820341372591997,0.089119129918912,0.009926961595648,0.011158627913728,0.007382245834671999,0.025592895391407997
