ct_0,ct_1,ct_2
0.023228283654591998,0.059817948361648,0.030914090325952
