ct_0,ct_1,ct_2
0.108135374673328,0.066998459764672,0.099836071133632
