ct_0,ct_1
0.10718716605279999,0.016659034397872
