ct_0,ct_1
0.049774993487872,0.13874381329451202
