ct_0,ct_1
0.7714285714285715,0.6666666666666667
