ct_0,ct_1,ct_2,ct_3,ct_4,ct_5
1.0,0.25,0.25,0.16666666666666663,0.25,0.2857142857142857
