ct_0,ct_1,ct_2,ct_3,ct_4,ct_5
0.10791158047403202,0.012406476654591998,0.012406476654591998,0.021705877529008,0.019040373814191998,0.058124791652272
