ct_0,ct_1,ct_2,ct_3,ct_4,ct_5
0.027157844451328,0.143809624932352,0.143809624932352,0.14217575064452798,0.14133510600452803,0.12491187493811201
