ct_0,ct_1,ct_2,ct_3,ct_4
0.067113062996272,0.0308249527408,0.034843177553199996,0.0090241660492,0.007698641920000001
