ct_0,ct_1,ct_2,ct_3,ct_4
0.043805336018992,0.07033522284548799,0.07033522284548799,0.102703752348928,0.102662950334128
