ct_0,ct_1
0.054489728557312,0.064128088908592
