ct_0,ct_1
0.0589798085488,0.047601041719552
