ct_0,ct_1,ct_2
0.046128637157632005,0.038888079888832,0.079446075295408
