ct_0,ct_1,ct_2,ct_3
0.1159501391728,0.009544484229568,0.006847679545792001,0.005347683218608
