ct_0,ct_1,ct_2,ct_3
0.009624529929472,0.11842694700280001,0.12576638924843198,0.12576638924843198
