ct_0,ct_1,ct_2
0.023107799864751997,0.1143608010352,0.12087222285803201
