ct_0,ct_1,ct_2
0.1159501391728,0.026878304651199995,0.009544484229568
