ct_0,ct_1,ct_2
0.8571428571428572,0.41666666666666663,0.8
