ct_0,ct_1,ct_2,ct_3,ct_4,ct_5
0.063205690846768,0.1336579024588,0.14142521148971202,0.14142521148971202,0.14436974235716798,0.143594051025328
