ct_0,ct_1,ct_2,ct_3,ct_4,ct_5
0.1349050395148,0.015134560165888001,0.010598342244352,0.010598342244352,0.008943542291392001,0.009376103680000001
