ct_0,ct_1
0.061960586594992,0.061005834616768
