ct_0,ct_1,ct_2,ct_3,ct_4,ct_5,ct_6
0.0117936040048,0.126241825745968,0.123929391873328,0.121658899959808,0.123871003715248,0.12625901542700801,0.12624903422079997
