ct_0,ct_1,ct_2,ct_3
0.08120896510508799,0.025843785018927996,0.081734221310128,0.093659183063728
