ct_0,ct_1,ct_2,ct_3
1.0,0.6944444444444444,0.8333333333333334,1.0
