ct_0,ct_1,ct_2,ct_3,ct_4,ct_5
0.060784858338352,0.054243576494512,0.105179962910128,0.106218793842352,0.106218793842352,0.105179962910128
