ct_0,ct_1
0.1166990958592,0.0045402881499519996
