ct_0,ct_1
0.050819866090288,0.126523064462272
