ct_0,ct_1,ct_2,ct_3,ct_4
0.08536214755628801,0.11618757700907198,0.078122752,0.10954423866572799,0.11618757700907198
