ct_0,ct_1
0.020389900595632,0.055672219802032005
