ct_0,ct_1
0.045948235193008,0.006960637825071999
