ct_0,ct_1,ct_2,ct_3
0.119595716245168,0.074504323874752,0.031617540719872,0.006799029695152
