ct_0,ct_1,ct_2,ct_3
0.031617540719872,0.0809847880432,0.0809847880432,0.117256775883568
