ct_0,ct_1,ct_2,ct_3
0.1115604938752,0.0517719734512,0.1133472769612,0.11344288084115199
