ct_0,ct_1,ct_2,ct_3
0.016362776784832,0.0843600408172,0.009709839351232,0.010911385315887999
