ct_0,ct_1,ct_2,ct_3,ct_4,ct_5
0.12053001210668801,0.016309292516799998,0.005211829246912,0.020332033980207997,0.019343098085632,0.004052282431408
