ct_0,ct_1,ct_2,ct_3,ct_4,ct_5
0.032605779207472,0.1305695787532,0.150040962488752,0.1370062176172,0.125689979818672,0.15224149387052802
