ct_0,ct_1,ct_2,ct_3,ct_4
0.015154610258608,0.078766244417968,0.078766244417968,0.078766244417968,0.095555192086528
