ct_0,ct_1,ct_2,ct_3,ct_4
0.115869954388912,0.050935638393088005,0.015154610258608,0.015154610258608,0.0040085313925119995
