ct_0,ct_1,ct_2,ct_3,ct_4,ct_5
0.009002790678832001,0.117134147603392,0.12156258769100801,0.12169447659908801,0.12156258769100801,0.12169447659908801
