ct_0,ct_1,ct_2,ct_3,ct_4,ct_5,ct_6
0.09425516814519999,0.145596296458672,0.143030983066288,0.14224694812000002,0.14511314669444797,0.143030983066288,0.14167021981508798
