ct_0,ct_1,ct_2,ct_3,ct_4
0.027953435336127996,0.0943305054892,0.100735428072112,0.1057964857072,0.105380473700608
