ct_0,ct_1,ct_2,ct_3,ct_4
0.12480140896691198,0.028827976077232,0.11094603176492801,0.115254409368832,0.12984859596011197
