ct_0,ct_1
0.11080610931500799,0.014103180258352001
