ct_0,ct_1
0.0351799201708,0.113693504978608
