ct_0,ct_1,ct_2,ct_3,ct_4
0.031084567611567998,0.007625306164912001,0.011169503279152001,0.033605219500288,0.007133626912768001
