ct_0,ct_1,ct_2,ct_3,ct_4
0.092423959064368,0.108124864395568,0.10800139451948801,0.069905799673648,0.10951045907660802
