ct_0,ct_1,ct_2,ct_3
0.12234370599980801,0.010917634446592002,0.005011325582272,0.010590468812800001
