ct_0,ct_1,ct_2,ct_3
0.015481953030832,0.110329553526208,0.12235138347212801,0.11949562787012799
