ct_0,ct_1,ct_2,ct_3,ct_4,ct_5
0.019433866144047997,0.122871102784432,0.13957707757868798,0.126706238570752,0.122871102784432,0.122871102784432
