ct_0,ct_1,ct_2,ct_3,ct_4
0.023864672591152,0.066182891973568,0.036315697550128,0.011732677300672,0.029582454035248
