ct_0,ct_1,ct_2,ct_3,ct_4
0.11509439215148802,0.06525907395755201,0.09011630508467199,0.1346921636848,0.130785703
