ct_0,ct_1,ct_2,ct_3,ct_4
0.75,0.8571428571428572,1.0,0.4285714285714286,0.19999999999999996
