ct_0,ct_1,ct_2,ct_3,ct_4
0.056443291574272,0.113588743417648,0.084570066608128,0.084570066608128,0.116398773927088
