ct_0,ct_1,ct_2,ct_3
0.020389900595632,0.055672219802032005,0.0572765618752,0.049248091002112006
