ct_0,ct_1,ct_2,ct_3
0.045948235193008,0.006960637825071999,0.005785206244288001,0.011881071673792
