ct_0,ct_1,ct_2,ct_3,ct_4,ct_5
0.011445656671168,0.11333285866700801,0.11552360453252802,0.115528979897008,0.115498878968752,0.11552360453252802
