ct_0,ct_1,ct_2,ct_3,ct_4
0.015120968593408,0.123238721056768,0.116428416768448,0.12309635360939201,0.12008570040836802
