ct_0,ct_1,ct_2,ct_3,ct_4,ct_5,ct_6
0.024570894699952,0.07786381330628801,0.09917619168644799,0.106369792546048,0.1048874991532,0.1071085815808,0.10273526139140801
