ct_0,ct_1,ct_2,ct_3,ct_4
0.019914602979328,0.105931625413552,0.10997893843,0.118688377509808,0.122390321831728
