ct_0,ct_1,ct_2,ct_3,ct_4,ct_5,ct_6
0.115869954388912,0.01205220508,0.006661457052928,0.003749171407792,0.003807064318912,0.006346889757951999,0.003807064318912
