ct_0,ct_1,ct_2,ct_3,ct_4,ct_5,ct_6
0.011815465276672,0.11381701657235199,0.12281453820851199,0.125303202193408,0.12519980107,0.1207444681132,0.12519980107
