ct_0,ct_1,ct_2,ct_3,ct_4,ct_5
0.017965632887727997,0.082210483209472,0.085357767800752,0.09252078591083199,0.09252078591083199,0.082210483209472
