ct_0,ct_1,ct_2,ct_3,ct_4,ct_5
0.7142857142857143,0.8571428571428572,0.8333333333333334,0.33333333333333337,0.5,1.0
