ct_0,ct_1,ct_2,ct_3
0.5714285714285714,0.6111111111111112,1.0,1.0
