ct_0,ct_1,ct_2,ct_3
0.075947623883008,0.07398698724548801,0.099259427787712,0.110694850367488
