ct_0,ct_1,ct_2,ct_3,ct_4,ct_5,ct_6
0.019198129739199998,0.11092959835691202,0.11074623667000001,0.11785001665119998,0.116508735051568,0.10037280294188801,0.12007752827084801
