ct_0,ct_1,ct_2,ct_3,ct_4,ct_5,ct_6,ct_7
0.875,0.7142857142857143,0.6111111111111112,0.7142857142857143,1.0,1.0,1.0,1.0
