ct_0,ct_1,ct_2
0.094482746219968,0.08653404617195201,0.067591096078768
