ct_0,ct_1,ct_2,ct_3,ct_4,ct_5,ct_6,ct_7
0.5555555555555556,0.625,0.4285714285714286,0.33333333333333337,1.0,1.0,1.0,1.0
