ct_0,ct_1,ct_2,ct_3,ct_4,ct_5,ct_6
0.013711631224768,0.112649514545968,0.116782176513472,0.12504337447724798,0.12515889132203198,0.12274810027,0.12504337447724798
