ct_0,ct_1
0.022669125718191997,0.11009788287999998
