ct_0,ct_1,ct_2,ct_3,ct_4
0.0025,0.096105013289008,0.08318486236307199,0.045790160950528,0.045790160950528
