ct_0,ct_1,ct_2,ct_3,ct_4
0.12103389492279998,0.017977775976448,0.025068661719999996,0.058592698024192,0.058592698024192
