ct_0,ct_1,ct_2,ct_3,ct_4,ct_5
0.029390323083711995,0.091449521613232,0.08966274225668801,0.09782262903443201,0.09782262903443201,0.094402847628592
