ct_0,ct_1
0.12234370599980801,0.010917634446592002
