ct_0,ct_1
0.022468885719999998,0.117229221158848
