ct_0,ct_1,ct_2,ct_3,ct_4
0.017461763896768,0.110072504393728,0.11924988278891199,0.11906406023531202,0.11926890541715199
