ct_0,ct_1,ct_2,ct_3,ct_4,ct_5,ct_6
0.018169082374192,0.12043728622412803,0.122747002228528,0.1214028559168,0.1214028559168,0.1214028559168,0.1273375210048
