ct_0,ct_1,ct_2,ct_3
0.010878500295088,0.12767974562679998,0.138394625449408,0.13410299038955198
