ct_0,ct_1,ct_2,ct_3,ct_4,ct_5,ct_6,ct_7,ct_8,ct_9,ct_10,ct_11,ct_12,ct_13,ct_14,ct_15
0.030787952121087998,0.0828828224512,0.006656059122352001,0.006450171909568,0.009757403922688,0.006000647972272,0.0236242232332,0.004799303049472,0.012729363377200001,0.005909122747312,0.009785104107568,0.004338794182192,0.007509470450992,0.004911206460352,0.009822264744112,0.006712591010991999
