ct_0,ct_1,ct_2,ct_3,ct_4
0.015122327688448001,0.12307327245764799,0.1252246809328,0.13054937628011198,0.12307327245764799
