ct_0,ct_1,ct_2,ct_3,ct_4,ct_5,ct_6
0.046923723477952,0.07030950957188799,0.11472256825720002,0.11118255270092801,0.11118255270092801,0.11118255270092801,0.11246092475588801
