ct_0,ct_1
0.0459166100992,0.036470189822128
