ct_0,ct_1,ct_2,ct_3,ct_4
0.021705521406208,0.132645143021488,0.145833419660848,0.14787115907891202,0.15047810421611202
