ct_0,ct_1,ct_2,ct_3,ct_4
0.128901611534272,0.015597496158208003,0.023061430472127997,0.006882987194800001,0.0054836991808
