ct_0,ct_1,ct_2,ct_3,ct_4,ct_5
0.09436315770880001,0.109104852930352,0.11309584817075201,0.11309584817075201,0.11127115969719999,0.1155682226752
