ct_0,ct_1,ct_2,ct_3,ct_4,ct_5
0.106509883512832,0.013799400801712,0.005217473529087999,0.005217473529087999,0.012428776048048,0.003779197649152
