ct_0,ct_1,ct_2,ct_3,ct_4,ct_5
0.091649519559088,0.11857336675000002,0.0834717755968,0.11188251356819201,0.141632649495808,0.141632649495808
