ct_0,ct_1,ct_2,ct_3,ct_4,ct_5
0.9285714285714286,1.0,0.033333333333333326,1.0,0.33333333333333337,1.0
