ct_0,ct_1,ct_2,ct_3,ct_4,ct_5
0.013923925965231999,0.10791525657644799,0.12015489896339199,0.109982109714352,0.12034240441388801,0.109929259035952
