ct_0,ct_1,ct_2,ct_3,ct_4
0.042006228502192,0.045685943124928,0.082516102115632,0.082516102115632,0.082516102115632
