ct_0,ct_1,ct_2,ct_3,ct_4
0.12168900303236801,0.12312493238507201,0.0669436690732,0.11557736206532801,0.122316287838208
