ct_0,ct_1,ct_2,ct_3,ct_4
0.013506728789248001,0.012715017869247999,0.06207539200000001,0.017994431076352,0.012866894343088001
