ct_0,ct_1,ct_2,ct_3
0.0163864399948,0.12113224602999999,0.140879702286592,0.140879702286592
