ct_0,ct_1,ct_2,ct_3
0.9523809523809523,0.8571428571428572,0.16666666666666663,0.16666666666666663
