ct_0,ct_1,ct_2
0.05045067403,0.178944709409728,0.177555435324352
