ct_0,ct_1,ct_2
0.135232821757888,0.016671750442431996,0.007744780183552
