ct_0,ct_1,ct_2
0.7619047619047619,0.16666666666666663,0.33333333333333337
