ct_0,ct_1,ct_2,ct_3,ct_4
0.013499344871872,0.0806426607148,0.09548407803716799,0.08979324639467201,0.090153433421872
