ct_0,ct_1,ct_2,ct_3,ct_4,ct_5
0.113712215892928,0.15173900437163199,0.16584861148,0.160355939065792,0.16722844812548798,0.166689995649712
