ct_0,ct_1,ct_2,ct_3,ct_4,ct_5
0.10919605658444799,0.014958316908592,0.007254200651199999,0.007933043058352,0.004372714509568,0.004645694666752
