ct_0,ct_1,ct_2,ct_3,ct_4,ct_5,ct_6
0.025843418994688,0.10881349098899198,0.113448222656512,0.12528439974188801,0.11337077479019199,0.11216334384275199,0.127080650143168
