ct_0,ct_1,ct_2,ct_3,ct_4,ct_5,ct_6
0.019195679856688,0.017630555273152,0.019807710742528,0.041582608937008006,0.06005950424324799,0.012851197719999999,0.010540615303168
