ct_0,ct_1,ct_2,ct_3,ct_4,ct_5,ct_6
0.2222222222222222,0.19999999999999996,0.33333333333333337,0.2857142857142857,0.9666666666666667,0.8333333333333334,1.0
