ct_0,ct_1,ct_2,ct_3,ct_4,ct_5,ct_6
0.100358450441152,0.102360976638208,0.0989883565612,0.091387361655232,0.036731495923648,0.090948648219568,0.092402501846272
