ct_0,ct_1
0.034460397333952,0.105607700297728
