ct_0,ct_1
0.10919605658444799,0.014958316908592
