ct_0,ct_1,ct_2,ct_3,ct_4,ct_5
0.9047619047619048,1.0,0.033333333333333326,1.0,0.5,1.0
