ct_0,ct_1,ct_2,ct_3,ct_4,ct_5
0.015369232389568,0.11364486155468799,0.117792648097792,0.104552698267312,0.11825132644715201,0.115845741279232
