ct_0,ct_1,ct_2
0.026655177409791998,0.10393446870879999,0.086432899728832
