ct_0,ct_1
0.018428162394111998,0.0992640243148
