ct_0,ct_1,ct_2,ct_3
0.11124515873939197,0.06834774350276801,0.0932850593008,0.142109195723008
