ct_0,ct_1,ct_2,ct_3,ct_4
0.016431377117632,0.1025813624812,0.1131737652592,0.11132688302080002,0.11970508534604801
