ct_0,ct_1,ct_2,ct_3,ct_4
0.8571428571428572,0.8571428571428572,0.30000000000000004,0.75,1.0
