ct_0,ct_1,ct_2,ct_3,ct_4,ct_5,ct_6,ct_7,ct_8,ct_9,ct_10
0.75,0.5238095238095238,0.25,0.08333333333333337,1.0,1.0,0.8,0.8,0.19999999999999996,1.0,1.0
