ct_0,ct_1,ct_2,ct_3
0.105016003883008,0.0792333788992,0.100262101193152,0.11087765304452799
