ct_0,ct_1,ct_2,ct_3
0.023228283654591998,0.059817948361648,0.030914090325952,0.034717937079472
