ct_0,ct_1,ct_2,ct_3
0.875,0.7142857142857143,0.75,0.41666666666666663
