ct_0,ct_1
0.040172827599808,0.125174370129712
