ct_0,ct_1
0.116876071518208,0.007716902840368
