ct_0,ct_1,ct_2,ct_3,ct_4,ct_5,ct_6
0.06428113593323201,0.03719451283,0.027875179673008,0.017803710665152,0.0040845637085920004,0.025609340704768,0.023494770607552
