ct_0,ct_1,ct_2,ct_3,ct_4,ct_5,ct_6
0.5238095238095238,0.75,0.6428571428571428,0.8,1.0,0.5,0.9090909090909091
