ct_0,ct_1,ct_2,ct_3,ct_4,ct_5,ct_6
0.11653569179396801,0.11870031481259202,0.129632467803568,0.137301549929728,0.15673897707524798,0.142560256428592,0.126067203490048
