ct_0,ct_1,ct_2,ct_3,ct_4
0.010878500295088,0.12274755124883202,0.13331623829099198,0.12908265025120003,0.13525726072120003
