ct_0,ct_1,ct_2,ct_3,ct_4
0.1313279798092,0.010878500295088,0.007377773088688,0.007174761217072001,0.003732768751552
