ct_0,ct_1,ct_2,ct_3,ct_4,ct_5,ct_6,ct_7,ct_8,ct_9,ct_10
0.11421352724920002,0.005043257147392,0.007847053058608,0.014703025149952,0.014703025149952,0.015167525470000002,0.005145373210048,0.030754356707248,0.008302734459952001,0.0038287432337920004,0.003804586998208
