ct_0,ct_1,ct_2,ct_3
0.375,0.8571428571428572,1.0,0.3571428571428571
