ct_0,ct_1,ct_2,ct_3
0.08589602763923201,0.060295162895151994,0.038714486287408,0.087880309838512
