ct_0,ct_1,ct_2
0.008497682971072,0.113345140877872,0.113345140877872
