ct_0,ct_1,ct_2,ct_3
0.036354307916032,0.036354307916032,0.066013711755568,0.080745013346992
