ct_0,ct_1,ct_2,ct_3
0.043798430468032,0.043798430468032,0.017297666619567997,0.006786314114992
