ct_0,ct_1,ct_2,ct_3
0.026124413396271997,0.145375071059968,0.1440049643008,0.148741792084528
