ct_0,ct_1,ct_2,ct_3
0.1322288645452,0.014183452136752,0.024497947628799997,0.0187246915468
