ct_0,ct_1,ct_2,ct_3
0.09610147581279999,0.036471751041328,0.12030369578756801,0.12042365217092801
