ct_0,ct_1,ct_2,ct_3
0.11236347587680001,0.07743266584619199,0.012134205005488001,0.005170446397888
