ct_0,ct_1,ct_2,ct_3,ct_4,ct_5,ct_6
0.096607764747952,0.094941957800752,0.068718753710512,0.098836846687168,0.104980100494768,0.103865506551088,0.09948422881427202
