ct_0,ct_1,ct_2,ct_3
0.05380677304043201,0.119675699173312,0.116787572069632,0.11046768265643198
