ct_0,ct_1,ct_2,ct_3,ct_4,ct_5,ct_6
0.026878304651199995,0.068732894408128,0.08878784854163199,0.08878784854163199,0.0987205877872,0.099979379864512,0.10127734782899199
