ct_0,ct_1,ct_2,ct_3,ct_4,ct_5,ct_6
0.1159501391728,0.026878304651199995,0.012074774699968,0.012074774699968,0.006997253293312,0.0063541735249120004,0.004105365250048
