ct_0,ct_1,ct_2,ct_3,ct_4,ct_5
0.080560424663728,0.074984823904192,0.080008862138368,0.0882296959552,0.0959069798188,0.104036643748528
