ct_0,ct_1,ct_2,ct_3
0.023411892908031997,0.107455023071152,0.10824312494636801,0.11828113218707201
