ct_0,ct_1,ct_2,ct_3
0.7857142857142857,0.41666666666666663,0.7777777777777778,0.6666666666666667
