ct_0,ct_1,ct_2
0.06498771109892801,0.075125219756992,0.08734504064300799
