ct_0,ct_1,ct_2,ct_3,ct_4,ct_5,ct_6
0.016334317793968,0.131939214179632,0.142231318286128,0.14493998731667201,0.142231318286128,0.13424183557043198,0.144896272253872
