ct_0,ct_1,ct_2,ct_3,ct_4,ct_5
0.049025198564800004,0.129450594439168,0.0942401030092,0.13575605045804798,0.1399008808492,0.126499758143488
