ct_0,ct_1,ct_2,ct_3,ct_4,ct_5
0.08318727618539198,0.011049926008768,0.034791369568432,0.011582803062448,0.015170584518592,0.012805788455872
