ct_0,ct_1
0.051490143742768,0.12744098861459202
