ct_0,ct_1,ct_2,ct_3,ct_4,ct_5,ct_6
0.028260895556031996,0.11812508748332799,0.137035340711872,0.12207181340204801,0.128478424645888,0.13894751069843203,0.13894751069843203
