ct_0,ct_1
0.104111351284912,0.058668231781168007
