ct_0,ct_1,ct_2,ct_3,ct_4
0.089119129918912,0.016246920779008002,0.006863264492848001,0.019391453775807997,0.029519508918831996
