ct_0,ct_1,ct_2,ct_3,ct_4
0.132751826611648,0.197486271059632,0.21647362239635198,0.215414785542832,0.222460949914288
