ct_0,ct_1,ct_2,ct_3,ct_4
0.027358030859199998,0.10005618026291199,0.08966422492000001,0.097173239376688,0.099813045691312
