ct_0,ct_1
0.017868179592448002,0.15096897476843202
