ct_0,ct_1
0.13191386655155202,0.0132642853612
