ct_0,ct_1
0.021977137488832,0.116565346705408
