ct_0,ct_1,ct_2,ct_3,ct_4,ct_5,ct_6
0.11345142778720001,0.0087087764032,0.005004126569392,0.003889156820272,0.004860554887168,0.010116032433711999,0.004314527221552
