ct_0,ct_1,ct_2,ct_3,ct_4,ct_5,ct_6
0.013386288947632,0.10239554666680001,0.11046450661316799,0.11035389385139201,0.110721337137088,0.10962975906707198,0.10962975906707198
