ct_0,ct_1,ct_2,ct_3,ct_4,ct_5,ct_6
0.05423288071091201,0.13106657500000002,0.09163956611204799,0.141933892687792,0.144395353571632,0.144395353571632,0.13768062160119998
