ct_0,ct_1,ct_2,ct_3
0.8809523809523809,0.33333333333333337,0.1428571428571429,0.16666666666666663
