ct_0,ct_1,ct_2,ct_3
0.11993155217843199,0.023833602026800002,0.014398876174768,0.012101332308928
