ct_0,ct_1,ct_2,ct_3
0.009425488611328,0.1086208,0.114570846075328,0.114570846075328
