ct_0,ct_1,ct_2,ct_3,ct_4,ct_5,ct_6
0.7380952380952381,0.8571428571428572,1.0,1.0,1.0,0.33333333333333337,0.4666666666666667
