ct_0,ct_1,ct_2,ct_3,ct_4,ct_5,ct_6
0.030622683424192002,0.113839478179072,0.12394206228371199,0.113839478179072,0.12390074741291199,0.122595505651888,0.10543830708932801
