ct_0,ct_1,ct_2,ct_3,ct_4,ct_5,ct_6
0.046080541087792,0.0386247890752,0.05361899465579199,0.089239019684272,0.08930959594316801,0.08562749651972801,0.08985357546884801
