ct_0,ct_1,ct_2,ct_3,ct_4,ct_5
0.017535411877552,0.110716569359152,0.12542488925516798,0.117634123260592,0.12764133341843198,0.128475076861888
