ct_0,ct_1,ct_2,ct_3,ct_4
0.016230133277872,0.016081876745152,0.024024099954688,0.0276262047052,0.032745139997632004
