ct_0,ct_1,ct_2,ct_3,ct_4
0.151640003444992,0.1495299893452,0.138386028807088,0.131367909671872,0.12356435000320001
