ct_0,ct_1,ct_2
0.057106530112768,0.096110066899888,0.10262370285188799
