ct_0,ct_1,ct_2
0.5952380952380952,0.45833333333333337,0.75
