ct_0,ct_1,ct_2,ct_3,ct_4
0.064831506081712,0.059012608634800005,0.09909808298080001,0.108846670785712,0.10710281948459202
