ct_0,ct_1,ct_2
0.010839049674928,0.12957929538092802,0.131770263040432
