ct_0,ct_1
0.0043036399093119996,0.096859460601088
