ct_0,ct_1
0.1166990958592,0.006254457321472
