ct_0,ct_1,ct_2
0.12234370599980801,0.010917634446592002,0.010917634446592002
