ct_0,ct_1,ct_2,ct_3,ct_4,ct_5,ct_6
0.016592036949952,0.10618797598720002,0.110239087043248,0.11834020946680002,0.11845351479731199,0.11608902798668799,0.11834020946680002
