ct_0,ct_1,ct_2,ct_3,ct_4
0.6666666666666667,1.0,0.033333333333333326,0.4,0.25
