ct_0,ct_1,ct_2,ct_3,ct_4
0.11236347587680001,0.006770739413248,0.07743266584619199,0.016419026507199997,0.009014773377472
