ct_0,ct_1,ct_2,ct_3,ct_4
0.079620834277312,0.1744105343488,0.180121044204592,0.171720210271408,0.17930531928875199
