ct_0,ct_1,ct_2,ct_3,ct_4
0.019069393306047996,0.043143541740592,0.004949366440191999,0.017063087705007998,0.015473095415728
