ct_0,ct_1,ct_2,ct_3,ct_4
0.067352866643968,0.060604180824112,0.087470547669952,0.08264711946731201,0.072125232914608
