ct_0,ct_1,ct_2,ct_3
0.099041428539952,0.078806129695792,0.052360105898032,0.105435180688048
