ct_0,ct_1,ct_2,ct_3,ct_4,ct_5,ct_6,ct_7,ct_8,ct_9,ct_10,ct_11,ct_12,ct_13,ct_14,ct_15
0.0153954459628,0.08345824422092799,0.0037680529408000004,0.0037680529408000004,0.025055551425471997,0.019034430797248,0.003725960814592,0.0069466314508,0.011021942272048,0.011021942272048,0.004123996787968,0.014209432928512,0.0037779592929280004,0.012686331645952,0.018819601329328,0.011813808987952
