ct_0,ct_1,ct_2,ct_3
0.5952380952380952,0.5,0.06666666666666665,0.8
