ct_0,ct_1,ct_2,ct_3
0.111137993020672,0.196732890492928,0.207948364098352,0.20033101083443197
