ct_0,ct_1,ct_2,ct_3
0.112822750221568,0.018608932410927998,0.080718703986112,0.010976852211712
