ct_0,ct_1,ct_2,ct_3,ct_4,ct_5
0.011445656671168,0.121355825670592,0.123599020910128,0.123604524544048,0.12357370530692799,0.123599020910128
