ct_0,ct_1
0.056504249034928,0.062218203863487996
