ct_0,ct_1,ct_2,ct_3,ct_4,ct_5,ct_6,ct_7,ct_8
0.9047619047619048,0.05555555555555558,0.16666666666666663,0.875,0.5,1.0,0.5,0.5,1.0
