ct_0,ct_1,ct_2,ct_3
0.011944059154432,0.114330269827888,0.12582619940996798,0.114330269827888
