ct_0,ct_1,ct_2,ct_3,ct_4,ct_5,ct_6
0.119161305634048,0.015642172165552,0.0163058647552,0.011107888649152,0.01270934683,0.003742671951808,0.008678413016512
