ct_0,ct_1,ct_2,ct_3,ct_4,ct_5,ct_6
0.014077894639552002,0.11716439537708799,0.13016630261651202,0.13016630261651202,0.11715467258291201,0.13024142730879998,0.12159541841228799
