ct_0,ct_1,ct_2,ct_3,ct_4
0.010590468812800001,0.0067519889536479995,0.004405399761328,0.0049302848428,0.003910851762352
