ct_0,ct_1,ct_2,ct_3,ct_4
0.062788568085952,0.0700561951468,0.07155510951428799,0.07258635685124801,0.0722908795948
