ct_0,ct_1,ct_2,ct_3,ct_4,ct_5,ct_6
0.017803017613312,0.11604810902732801,0.11623174497476801,0.12768586969235202,0.12985083630404798,0.12826144101227202,0.130553865621808
