ct_0,ct_1,ct_2,ct_3
0.029220852630832,0.101432652609472,0.103824032915248,0.10545706615019201
