ct_0,ct_1,ct_2,ct_3,ct_4
0.9047619047619048,0.8571428571428572,0.19999999999999996,0.6666666666666667,1.0
