ct_0,ct_1,ct_2,ct_3,ct_4
0.018957893082927998,0.13277271537131202,0.13505838534519998,0.1418737409548,0.13505838534519998
