ct_0,ct_1,ct_2,ct_3,ct_4,ct_5,ct_6,ct_7,ct_8,ct_9
0.082053718134208,0.028938049361151994,0.094445557994752,0.081189797276608,0.081189797276608,0.082053718134208,0.094445557994752,0.094445557994752,0.096628014062512,0.096572331773872
