ct_0,ct_1,ct_2,ct_3,ct_4,ct_5,ct_6
0.045779490423232004,0.1246860089548,0.123074371525552,0.126591327449008,0.12044928463763199,0.11400370811396801,0.12730693147
