ct_0,ct_1,ct_2,ct_3,ct_4,ct_5,ct_6
0.11236347587680001,0.006770739413248,0.009014773377472,0.005681887,0.009250457157808,0.015307633644207999,0.005277069135808
