ct_0,ct_1,ct_2,ct_3
0.5357142857142857,0.6666666666666667,1.0,0.5
