ct_0,ct_1,ct_2,ct_3
0.052779885745408,0.061434731453488,0.08977149152324801,0.073550249762992
