ct_0,ct_1,ct_2,ct_3,ct_4,ct_5,ct_6
0.12449118458924799,0.099010808950192,0.11614287632588799,0.137138717286448,0.088559826634672,0.12933088765331202,0.12933088765331202
