ct_0,ct_1
0.031623990795951996,0.113176967725312
