ct_0,ct_1
0.123062831484928,0.0108449664748
