ct_0,ct_1,ct_2,ct_3,ct_4,ct_5
0.019190430251007997,0.133282880709568,0.136631815032112,0.14633032106564803,0.136631815032112,0.135593885125168
