ct_0,ct_1
0.036559201379632,0.10972956152708802
