ct_0,ct_1
0.0999594149452,0.015957712606768
