ct_0,ct_1,ct_2,ct_3,ct_4,ct_5
0.0436729554412,0.12417957928772799,0.11778236608119999,0.119446682252848,0.12679397342252802,0.12417957928772799
