ct_0,ct_1,ct_2,ct_3,ct_4,ct_5
0.1152780425728,0.007183053593008,0.009568232172592001,0.011523630104512001,0.004337238450112,0.0058170397297120004
