ct_0,ct_1,ct_2,ct_3,ct_4,ct_5,ct_6,ct_7,ct_8
0.7619047619047619,1.0,0.25,0.7142857142857143,0.5,1.0,1.0,1.0,0.8
