ct_0,ct_1,ct_2,ct_3,ct_4
0.0326645639692,0.090521018322352,0.1025323168768,0.08261917658180801,0.10462856892164801
