ct_0,ct_1,ct_2,ct_3,ct_4
0.8809523809523809,0.36363636363636365,0.25,0.25,1.0
