ct_0,ct_1,ct_2,ct_3,ct_4
0.021811684235199996,0.12516607782707198,0.12619026168467198,0.132662074864048,0.12918438462284798
