ct_0,ct_1,ct_2,ct_3,ct_4
0.123062831484928,0.024071852384511996,0.024570894699952,0.009652851290032,0.006097933640752
