ct_0,ct_1,ct_2,ct_3,ct_4,ct_5,ct_6
0.0075417778672000006,0.11503266105860799,0.117202208904448,0.117196806712768,0.117198967579072,0.117202208904448,0.117198967579072
