ct_0,ct_1,ct_2,ct_3,ct_4
0.11993155217843199,0.010866663802672,0.025267273802799996,0.011453914289968002,0.0056375008925920005
