ct_0,ct_1,ct_2,ct_3,ct_4
0.0108564721648,0.102424960043008,0.112195271614912,0.112195271614912,0.112195271614912
