ct_0,ct_1,ct_2,ct_3,ct_4,ct_5,ct_6,ct_7
0.3125,0.5714285714285714,0.6666666666666667,0.33333333333333337,0.25,1.0,1.0,1.0
