ct_0,ct_1,ct_2,ct_3,ct_4,ct_5
0.013980169307392,0.110969358027712,0.122754139559872,0.11508097137668799,0.12112459549547197,0.122754139559872
