ct_0,ct_1,ct_2,ct_3,ct_4,ct_5
0.113345140877872,0.011008775614768,0.055624846100272005,0.008497682971072,0.006243066642688,0.0053957257792
