ct_0,ct_1,ct_2,ct_3
0.019153338578367998,0.10803186350079999,0.11812887938680001,0.12686784289720002
