ct_0,ct_1,ct_2,ct_3
0.11950650562436801,0.017035171845568,0.013328959818688,0.003707086449328
