ct_0,ct_1,ct_2,ct_3
0.8809523809523809,0.8571428571428572,0.625,1.0
