ct_0,ct_1,ct_2,ct_3,ct_4
0.7380952380952381,1.0,1.0,0.6666666666666667,0.6666666666666667
