ct_0,ct_1,ct_2,ct_3,ct_4
0.0330640018432,0.11528502543044802,0.11522809254212801,0.09515294332,0.09515294332
