ct_0,ct_1,ct_2,ct_3,ct_4,ct_5
0.037298005383472,0.12066969348908799,0.117600047404288,0.095521902520768,0.11158917582227201,0.1220049691648
