ct_0,ct_1,ct_2,ct_3,ct_4,ct_5
0.6666666666666667,1.0,0.2857142857142857,0.9,0.75,0.04166666666666663
