ct_0,ct_1,ct_2,ct_3,ct_4,ct_5,ct_6
0.048318919364032,0.128354577353152,0.08555103022739201,0.099801789445168,0.099801789445168,0.135687761764288,0.13066274908715197
