ct_0,ct_1,ct_2,ct_3,ct_4,ct_5,ct_6
1.0,0.7142857142857143,1.0,0.4285714285714286,0.4285714285714286,1.0,0.5714285714285714
