ct_0,ct_1,ct_2,ct_3,ct_4,ct_5,ct_6
0.056624917610751994,0.062347343820208005,0.10216291875251199,0.0918745596268,0.094579759393072,0.107337054314752,0.09643772508279999
