ct_0,ct_1,ct_2,ct_3,ct_4,ct_5,ct_6
0.037397634603568,0.115476305050672,0.08537918060420799,0.11550479143724801,0.11985150955652799,0.115476305050672,0.11773204281548799
