ct_0,ct_1,ct_2,ct_3,ct_4
0.0192313823308,0.117243808674352,0.12749217719084802,0.124661167,0.10938381713612799
