ct_0,ct_1,ct_2,ct_3,ct_4,ct_5,ct_6
0.06674906070520001,0.11844050174080001,0.095312164000192,0.12394096049075198,0.118611880179712,0.12251100356036801,0.1290435292672
