ct_0,ct_1,ct_2,ct_3,ct_4,ct_5,ct_6
0.072746747083312,0.01116752587,0.038085177557248,0.006553863122992,0.009687366613168,0.0073819263472,0.0036730588346079998
