ct_0,ct_1
0.0459166100992,0.04252358563
