ct_0,ct_1,ct_2,ct_3,ct_4,ct_5,ct_6
0.051528571628992006,0.064386358401472,0.12227132672915199,0.12227132672915199,0.12227132672915199,0.120306421604608,0.120306421604608
