ct_0,ct_1,ct_2,ct_3,ct_4,ct_5,ct_6
0.021977137488832,0.119752979322112,0.134403981673408,0.136788722072512,0.119752979322112,0.1413969068608,0.1390703555392
