ct_0,ct_1,ct_2,ct_3,ct_4,ct_5,ct_6
0.025554895139247996,0.104206317963712,0.107600840431792,0.10406465697515199,0.109497264885808,0.104206317963712,0.11531618149739202
