ct_0,ct_1,ct_2,ct_3,ct_4,ct_5,ct_6
0.0256543001548,0.104053243874992,0.093564980679472,0.104083333859248,0.10618693136684801,0.108119083890112,0.099119012088112
