ct_0,ct_1
0.1051086432112,0.016515802924288
