ct_0,ct_1
0.013826988068272001,0.08401649155475199
