ct_0,ct_1,ct_2,ct_3,ct_4,ct_5,ct_6
0.083494490500528,0.092801467845808,0.064982771982592,0.085786341683632,0.093200985423808,0.093200985423808,0.084990604161472
