ct_0,ct_1,ct_2,ct_3,ct_4,ct_5,ct_6
0.018967327,0.12255489819332799,0.11861242265348801,0.131224519871152,0.131224519871152,0.124983143824048,0.131146944113968
