ct_0,ct_1,ct_2,ct_3,ct_4,ct_5,ct_6,ct_7,ct_8,ct_9,ct_10
0.05843036619980801,0.0459166100992,0.024499761809199997,0.020858272810432,0.020858272810432,0.007018272548799999,0.0062547737452,0.005000996706352,0.009782170851328,0.0040920145612,0.0049449867729279996
