ct_0,ct_1,ct_2,ct_3,ct_4,ct_5
0.026995518158848,0.10267844413508799,0.10002955392332799,0.11235602196275202,0.10938698257811201,0.10938698257811201
