ct_0,ct_1,ct_2
0.049035628106800004,0.067125749756848,0.11667644105516801
