ct_0,ct_1,ct_2,ct_3,ct_4,ct_5,ct_6
0.026652969815488,0.110030739969328,0.09836291478860801,0.112187289380272,0.116490944784832,0.112159087041472,0.11439240646955201
