ct_0,ct_1,ct_2
0.05992420075,0.046080541087792,0.0316539679552
