ct_0,ct_1,ct_2
0.046080541087792,0.047159157317632,0.06281925883
