ct_0,ct_1,ct_2,ct_3,ct_4,ct_5,ct_6
0.02808407068,0.10844558334404798,0.10844558334404798,0.115204462873648,0.124809692715952,0.119538053066032,0.12596413346195198
