ct_0,ct_1,ct_2,ct_3,ct_4,ct_5,ct_6
0.8095238095238095,0.29166666666666663,0.5833333333333333,0.7272727272727273,1.0,0.75,1.0
