ct_0,ct_1
0.1322288645452,0.003993951530032
