ct_0,ct_1
0.049267303000000005,0.140150678111152
