ct_0,ct_1,ct_2,ct_3,ct_4,ct_5
0.128930661020608,0.010906780892848,0.007899024670000001,0.00377734012,0.004922778210352,0.008550260368431999
