ct_0,ct_1,ct_2,ct_3,ct_4,ct_5
0.017797126812208,0.11720166868139202,0.12742819261316798,0.129481926111232,0.12742819261316798,0.127098991946032
