ct_0,ct_1,ct_2,ct_3
0.9583333333333334,1.0,1.0,0.8571428571428572
