ct_0,ct_1,ct_2,ct_3
0.083685467773888,0.1083761546092,0.07544983145732799,0.113146011855808
