ct_0,ct_1,ct_2,ct_3
0.13062907031531198,0.019221930801088,0.080725879007152,0.015219198791728
