ct_0,ct_1,ct_2,ct_3
0.023809523809523836,0.2857142857142857,0.7222222222222222,1.0
