ct_0,ct_1,ct_2,ct_3
0.1165642682992,0.110512150528048,0.04621951755908801,0.099169043643952
