ct_0,ct_1,ct_2,ct_3,ct_4
0.016286328163888,0.11158811348300801,0.12015489896339199,0.11367853700920001,0.12415477302476799
