ct_0,ct_1,ct_2,ct_3,ct_4,ct_5,ct_6
0.0372121493488,0.062866859858368,0.062866859858368,0.09424863982412801,0.100383567761968,0.096712063490608,0.07669213266731201
