ct_0,ct_1,ct_2
0.081840357564352,0.011120736265648001,0.007899024670000001
