ct_0,ct_1,ct_2
0.078322694884288,0.087778671921088,0.09863189410739201
