ct_0,ct_1
0.032333499408688,0.11542632537011199
