ct_0,ct_1,ct_2,ct_3
0.026506234603311998,0.12356159849079998,0.11298754200299199,0.11419692957491201
