ct_0,ct_1,ct_2,ct_3
0.8571428571428572,1.0,0.16666666666666663,1.0
