ct_0,ct_1,ct_2,ct_3,ct_4,ct_5,ct_6
0.1049395190092,0.105026411431168,0.051756752439231994,0.0990087677548,0.116828041494832,0.10404027495059201,0.119727943
