ct_0,ct_1,ct_2
0.056749116392368,0.112087793840128,0.08708587153259201
