ct_0,ct_1,ct_2
0.75,0.7142857142857143,0.8333333333333334
