ct_0,ct_1,ct_2
0.074417015893552,0.011623810616368,0.03029904187
