ct_0,ct_1,ct_2,ct_3,ct_4,ct_5,ct_6,ct_7,ct_8,ct_9,ct_10,ct_11
0.8809523809523809,1.0,0.5,0.33333333333333337,0.33333333333333337,0.5,1.0,1.0,1.0,1.0,1.0,1.0
