ct_0,ct_1,ct_2,ct_3,ct_4,ct_5
0.062853957667888,0.068192945593648,0.10876030513720002,0.12186967635332799,0.123645254120368,0.12364690541920001
