ct_0,ct_1
0.121885558203328,0.0310970484592
