ct_0,ct_1
0.08159693115140801,0.127186267349248
