ct_0,ct_1,ct_2,ct_3,ct_4,ct_5,ct_6
0.8571428571428572,0.2777777777777778,0.875,0.5,0.8,0.75,1.0
