ct_0,ct_1
0.012319313278912001,0.10312913707
