ct_0,ct_1,ct_2,ct_3,ct_4,ct_5
0.0190564561708,0.11073564089079999,0.13424070193043197,0.13424070193043197,0.114806232684592,0.126591327449008
