ct_0,ct_1,ct_2
0.47619047619047616,0.6666666666666667,0.33333333333333337
