ct_0,ct_1,ct_2
0.0374415833068,0.081811538118592,0.089813025002032
