ct_0,ct_1,ct_2,ct_3
0.12234370599980801,0.041582608937008006,0.007561294536112,0.0041625118228480005
