ct_0,ct_1,ct_2,ct_3
0.0055387169548,0.10508105672900801,0.10790002728491199,0.10738109086719999
