ct_0,ct_1,ct_2,ct_3
0.8571428571428572,0.09523809523809523,0.33333333333333337,1.0
