ct_0,ct_1,ct_2,ct_3
0.047763893292208,0.073599100502272,0.100995737731072,0.10688341383520002
