ct_0,ct_1,ct_2,ct_3,ct_4
0.6666666666666667,0.04166666666666663,0.6666666666666667,0.5,0.6666666666666667
