ct_0,ct_1,ct_2,ct_3,ct_4
0.072484428415408,0.17469189789279999,0.163827615896512,0.175574009962672,0.17017082852919999
