ct_0,ct_1,ct_2,ct_3,ct_4
0.115221110875072,0.062609398522288,0.014401241711872,0.006453658491567999,0.009534075623872
