ct_0,ct_1
0.005469870303232,0.11134386726092799
