ct_0,ct_1
0.9761904761904762,0.2857142857142857
