ct_0,ct_1
0.11345142778720001,0.015904387788207998
