ct_0,ct_1,ct_2,ct_3,ct_4
0.034364352842800004,0.1458935991808,0.13333150462796797,0.143563845316912,0.15411927367571202
