ct_0,ct_1,ct_2,ct_3,ct_4,ct_5
0.166025836004272,0.17563856094764801,0.185809872910768,0.131402781564928,0.179132873466112,0.190026414181312
