ct_0,ct_1,ct_2,ct_3,ct_4,ct_5
0.1428571428571429,0.8333333333333334,0.25,0.95,0.5555555555555556,0.5
