ct_0,ct_1,ct_2,ct_3,ct_4,ct_5
0.1349050395148,0.015601247008432,0.019069393306047996,0.043143541740592,0.017063087705007998,0.008096209325872
