ct_0,ct_1,ct_2
0.104724732848128,0.09060282355091201,0.080184950325808
