ct_0,ct_1,ct_2,ct_3
0.011306349555712,0.102027343241392,0.10721703324932802,0.09749750366867199
