ct_0,ct_1,ct_2,ct_3
0.8571428571428572,0.15000000000000002,0.25,0.8333333333333334
