ct_0,ct_1,ct_2,ct_3
0.116876071518208,0.044296268360128004,0.017626402197951998,0.012619977560368
