ct_0,ct_1,ct_2,ct_3,ct_4,ct_5
0.020554806611968,0.132487149988528,0.1358289054448,0.14550697417004801,0.1358289054448,0.13479319359692798
