ct_0,ct_1,ct_2,ct_3,ct_4,ct_5
0.018652156608688,0.0962834580592,0.10943024673587198,0.10024006815620799,0.11241193044587199,0.11052379788279999
