ct_0,ct_1,ct_2,ct_3,ct_4,ct_5,ct_6,ct_7,ct_8,ct_9,ct_10,ct_11,ct_12,ct_13,ct_14,ct_15,ct_16,ct_17,ct_18,ct_19,ct_20,ct_21
0.47619047619047616,0.5,0.5,1.0,0.8333333333333334,1.0,1.0,0.8333333333333334,1.0,1.0,0.5,0.8333333333333334,1.0,1.0,1.0,1.0,1.0,1.0,1.0,0.33333333333333337,0.5,0.5
