ct_0,ct_1,ct_2,ct_3
0.05992420075,0.046080541087792,0.006974645872048,0.041932206785968
