ct_0,ct_1,ct_2,ct_3
0.5357142857142857,1.0,1.0,0.11111111111111116
