ct_0,ct_1,ct_2,ct_3
0.08311728410771199,0.07141532092,0.125836722610432,0.129070354628608
