ct_0,ct_1,ct_2,ct_3
0.121885558203328,0.012285063002032002,0.006405806362047999,0.00371544028
