ct_0,ct_1,ct_2,ct_3
0.010956451820992,0.12405556546892801,0.134531026574272,0.134531026574272
