ct_0,ct_1,ct_2
0.011504793130288,0.037264285287088,0.017134109135152
