ct_0,ct_1,ct_2
0.8333333333333334,0.75,0.33333333333333337
