ct_0,ct_1,ct_2
0.093309585441712,0.06850583141171201,0.096371456284672
