ct_0,ct_1,ct_2
0.135232821757888,0.012212934649792,0.0121235785612
