ct_0,ct_1,ct_2
0.010850226087472001,0.13092779723588802,0.133122354094528
