ct_0,ct_1,ct_2,ct_3,ct_4,ct_5
0.050506976902192,0.096489333955888,0.096489333955888,0.097112891097088,0.09854832171212802,0.10613261587091198
