ct_0,ct_1
0.113345140877872,0.011008775614768
