ct_0,ct_1
0.008497682971072,0.1059425852272
