ct_0,ct_1
0.9285714285714286,0.7142857142857143
