ct_0,ct_1,ct_2,ct_3
0.013319575,0.009624204434608,0.06657540593963202,0.06657540593963202
