ct_0,ct_1,ct_2,ct_3
0.11781862510796799,0.12392718837035199,0.052500928664752,0.052500928664752
