ct_0,ct_1,ct_2,ct_3,ct_4,ct_5
0.107178258835888,0.074851519869232,0.098904175,0.08383350739148801,0.11808608750483202,0.13040013715460802
