ct_0,ct_1,ct_2,ct_3,ct_4,ct_5
0.058477918785712006,0.0946421060812,0.142633842347968,0.129472414424368,0.129472414424368,0.145582867633408
