ct_0,ct_1,ct_2,ct_3,ct_4,ct_5,ct_6
1.0,0.8888888888888888,0.11111111111111116,0.25,0.25,1.0,1.0
