ct_0,ct_1,ct_2,ct_3,ct_4,ct_5
0.11259463120691202,0.007615382099199999,0.076200880622128,0.006320925264832,0.006337706529328,0.005020716285952
