ct_0,ct_1,ct_2,ct_3,ct_4,ct_5
0.023378034309568,0.114220487811328,0.1048640930368,0.11640470228627202,0.116376139335472,0.11863791989555199
