ct_0,ct_1,ct_2,ct_3
0.015117231153328,0.0974360744332,0.10274197684883199,0.11236933264235201
