ct_0,ct_1
0.9722222222222222,0.5454545454545454
