ct_0,ct_1
0.097248818758912,0.0169707457708
