ct_0,ct_1
0.024740876867631996,0.11511962466999999
