ct_0,ct_1,ct_2,ct_3
0.0149077621312,0.07338469339268801,0.076992805836592,0.08809057714436799
