ct_0,ct_1,ct_2,ct_3
0.7142857142857143,0.8571428571428572,1.0,1.0
