ct_0,ct_1
0.119595716245168,0.074504323874752
