ct_0,ct_1
0.11586834012716801,0.047345224426432006
