ct_0,ct_1,ct_2,ct_3,ct_4,ct_5,ct_6,ct_7,ct_8,ct_9,ct_10,ct_11,ct_12,ct_13,ct_14
0.75,1.0,0.38888888888888884,0.6666666666666667,0.33333333333333337,1.0,1.0,0.5,0.1071428571428571,0.5,0.33333333333333337,1.0,1.0,1.0,1.0
