ct_0,ct_1,ct_2,ct_3,ct_4,ct_5,ct_6
0.0138165580528,0.094308906796288,0.10991234864363199,0.09680728075,0.110078848828672,0.10861027377279998,0.10297917774520002
