ct_0,ct_1,ct_2,ct_3,ct_4,ct_5,ct_6
0.113345140877872,0.055624846100272005,0.0053957257792,0.012160774986928,0.003928520771008,0.004794929188288,0.008217765126448
