ct_0,ct_1
0.08345824422092799,0.016670375677888
