ct_0,ct_1
0.09566618448716799,0.18352708612331198
