ct_0,ct_1,ct_2,ct_3,ct_4,ct_5,ct_6,ct_7,ct_8
0.4,1.0,0.6111111111111112,0.15000000000000002,0.15000000000000002,0.4,1.0,0.6,0.6
