ct_0,ct_1,ct_2,ct_3,ct_4,ct_5,ct_6
0.33333333333333337,0.25,0.625,0.5,0.33333333333333337,0.6666666666666667,1.0
