ct_0,ct_1,ct_2,ct_3,ct_4,ct_5,ct_6
0.0661594250608,0.098037202179328,0.0753012923632,0.097846519377328,0.09711846899627201,0.082390443356608,0.077080057404352
