ct_0,ct_1,ct_2,ct_3,ct_4,ct_5,ct_6
0.10791158047403202,0.0128896077292,0.032352933358528,0.0076730172928,0.011476708119808,0.021705877529008,0.019040373814191998
