ct_0,ct_1
0.014656630319152,0.117106062811072
