ct_0,ct_1
0.119161305634048,0.015642172165552
