ct_0,ct_1,ct_2
0.024021206351871997,0.055594274080767996,0.029022801009712
