ct_0,ct_1,ct_2
0.0988098175852,0.061861342172848,0.096000928127152
