ct_0,ct_1,ct_2,ct_3
0.07936611546155199,0.1083761546092,0.071265009893632,0.1083761546092
