ct_0,ct_1,ct_2,ct_3,ct_4,ct_5,ct_6
0.08750978022803199,0.078849345626368,0.0703200700528,0.09357800684920001,0.10495044427667201,0.121218052907968,0.121218052907968
