ct_0,ct_1,ct_2,ct_3
0.105869005216432,0.0848283339328,0.0950547330988,0.10926302601515199
