ct_0,ct_1,ct_2,ct_3
0.1875,0.2857142857142857,0.33333333333333337,0.5
