ct_0,ct_1,ct_2
0.043448200282672,0.063122829185968,0.084448784840128
