ct_0,ct_1,ct_2
0.0770192140012,0.035114843061808,0.0344472796672
