ct_0,ct_1
0.011643326939392,0.0974360744332
