ct_0,ct_1
0.115698885917488,0.06800822952107201
