ct_0,ct_1,ct_2,ct_3,ct_4,ct_5,ct_6
0.125723752972288,0.20719202591723201,0.227825232070192,0.23201066752619198,0.2105530726912,0.225622331334448,0.23201066752619198
