ct_0,ct_1,ct_2,ct_3,ct_4,ct_5,ct_6
0.1159501391728,0.015587949011200001,0.026878304651199995,0.015509210894512002,0.013890932109232,0.012712015523248,0.009193358393008
