ct_0,ct_1,ct_2,ct_3,ct_4,ct_5,ct_6
0.045548165814208,0.107688467856832,0.081079609090048,0.1008026662912,0.10347431927084799,0.1021170328972,0.110200474543552
