ct_0,ct_1,ct_2,ct_3,ct_4,ct_5,ct_6
0.5714285714285714,0.5714285714285714,1.0,1.0,1.0,0.41666666666666663,1.0
