ct_0,ct_1,ct_2,ct_3,ct_4,ct_5
0.009067252092928,0.108314102272048,0.11716277489195201,0.11716277489195201,0.11281048746539199,0.11716277489195201
