ct_0,ct_1
0.11653353517508801,0.012767737119999999
