ct_0,ct_1
0.025015135066287997,0.12447904612480001
