ct_0,ct_1,ct_2,ct_3,ct_4,ct_5,ct_6,ct_7
0.5952380952380952,1.0,0.4666666666666667,0.8571428571428572,1.0,0.25,1.0,0.5
