ct_0,ct_1
0.013114618883008,0.11098738401279999
