ct_0,ct_1
0.112822750221568,0.006405806362047999
