ct_0,ct_1,ct_2,ct_3,ct_4,ct_5,ct_6,ct_7,ct_8,ct_9,ct_10,ct_11
1.0,0.8888888888888888,0.33333333333333337,1.0,0.2777777777777778,0.4,1.0,0.6666666666666667,1.0,0.33333333333333337,0.2857142857142857,1.0
