ct_0,ct_1,ct_2,ct_3,ct_4,ct_5,ct_6
0.031617540719872,0.062498765874112,0.062498765874112,0.09630722511620801,0.10111852483,0.10111852483,0.09018809092139199
