ct_0,ct_1,ct_2
0.11414660621919999,0.061287993307311994,0.12679286272
