ct_0,ct_1,ct_2
0.032110360772272,0.069536625159472,0.016862977221567998
