ct_0,ct_1,ct_2
0.10160347594796801,0.015570561305392,0.0112466464972
