ct_0,ct_1,ct_2
0.047531466495232,0.09346079234795199,0.096036797998528
