ct_0,ct_1,ct_2,ct_3,ct_4,ct_5,ct_6,ct_7,ct_8,ct_9
0.1159501391728,0.026878304651199995,0.031947953440191995,0.009544484229568,0.006847679545792001,0.012074774699968,0.012074774699968,0.005347683218608,0.0063541735249120004,0.014435039721472
