ct_0,ct_1,ct_2,ct_3,ct_4
0.038354781202432,0.11674117311020799,0.10367270107,0.1204116546508,0.1204116546508
