ct_0,ct_1,ct_2,ct_3,ct_4
0.11080610931500799,0.014103180258352001,0.0182458869568,0.00773068048,0.00773068048
