ct_0,ct_1,ct_2,ct_3,ct_4,ct_5,ct_6
0.091152767384512,0.129650940048832,0.041307410147632,0.12723908764868802,0.12962463137771202,0.12322167788420801,0.129734916658432
