ct_0,ct_1,ct_2,ct_3,ct_4,ct_5,ct_6
0.2857142857142857,0.33333333333333337,0.9333333333333333,1.0,1.0,0.8,1.0
