ct_0,ct_1,ct_2,ct_3,ct_4,ct_5,ct_6
0.12390515410091199,0.204979576406272,0.220210097477632,0.219883237043632,0.22782036722732799,0.22388684926508798,0.22388684926508798
