ct_0,ct_1,ct_2,ct_3,ct_4,ct_5,ct_6
0.5952380952380952,1.0,0.125,1.0,0.5,0.16666666666666663,0.16666666666666663
