ct_0,ct_1,ct_2,ct_3,ct_4,ct_5,ct_6
0.115698885917488,0.015061182097408001,0.06800822952107201,0.0077784339620320005,0.0057168413386720004,0.035912161692592,0.035912161692592
