ct_0,ct_1,ct_2,ct_3,ct_4,ct_5,ct_6
0.08667776707,0.077315076130048,0.067690996361008,0.092335146542512,0.10430442867716799,0.117505950949312,0.117505950949312
