ct_0,ct_1,ct_2,ct_3,ct_4,ct_5
0.053986599404799995,0.07030950957188799,0.12386108970923201,0.120224656489408,0.120224656489408,0.120224656489408
