ct_0,ct_1,ct_2,ct_3,ct_4,ct_5
0.038087540744128,0.124020298417408,0.120532739716528,0.09983658283,0.123256864701232,0.131895842636032
