ct_0,ct_1,ct_2
0.0153597014512,0.0809847880432,0.0809847880432
