ct_0,ct_1,ct_2
0.8809523809523809,0.5,0.8571428571428572
