ct_0,ct_1,ct_2
0.0211201597132,0.1327196489452,0.112604221809088
