ct_0,ct_1,ct_2,ct_3
0.115598867497648,0.045067531153408,0.12171801392051199,0.0916654457932
