ct_0,ct_1,ct_2,ct_3,ct_4,ct_5
0.10060510003,0.065068997026048,0.095418022930432,0.092278779764992,0.1170013055488,0.127901391992368
