ct_0,ct_1,ct_2,ct_3,ct_4
0.0108498973552,0.13484882849171198,0.145557178980352,0.13484882849171198,0.14567687900843201
