ct_0,ct_1,ct_2,ct_3,ct_4
0.11352782593988801,0.11205640846916799,0.11205640846916799,0.11232194908364801,0.11295500375680001
