ct_0,ct_1,ct_2,ct_3,ct_4
0.11690359742507199,0.014705057411007999,0.014705057411007999,0.022342576282288,0.006768514625199999
