ct_0,ct_1,ct_2,ct_3,ct_4
0.023809523809523836,0.16666666666666663,0.16666666666666663,0.09999999999999998,0.5
