ct_0,ct_1,ct_2,ct_3,ct_4,ct_5,ct_6,ct_7
0.8095238095238095,0.29166666666666663,1.0,1.0,0.5,0.5,1.0,1.0
