ct_0,ct_1,ct_2,ct_3,ct_4,ct_5,ct_6,ct_7
0.8809523809523809,1.0,0.4,1.0,1.0,0.6666666666666667,0.5,0.33333333333333337
