ct_0,ct_1,ct_2,ct_3
0.10912119388000001,0.013251220338112,0.013189263130672002,0.026559543519232
