ct_0,ct_1,ct_2,ct_3
0.021767143505199996,0.1162382090668,0.119770941288112,0.119139029104048
