ct_0,ct_1,ct_2
0.0306796408972,0.10924878725324798,0.0857892660748
