ct_0,ct_1,ct_2
0.11270867093036802,0.006266482030528001,0.062927376376768
