ct_0,ct_1,ct_2,ct_3,ct_4
0.063610627437232,0.12892563305771199,0.120337497445552,0.11592322938880001,0.127972704331312
