ct_0,ct_1,ct_2,ct_3,ct_4
0.119161305634048,0.005419597576192,0.015642172165552,0.01270934683,0.004287466428352
