ct_0,ct_1,ct_2,ct_3
0.0053523923793280005,0.092047940832688,0.09448475652908801,0.094215498292672
