ct_0,ct_1,ct_2,ct_3
0.10924034976563202,0.015302189812912002,0.005141299339312,0.005938150466608
