ct_0,ct_1
0.1256479062892,0.015724742410672
