ct_0,ct_1
0.021495915201328,0.1202535446092
