ct_0,ct_1,ct_2,ct_3,ct_4
0.09291591649484801,0.09029357478188801,0.096757135940032,0.099061843327792,0.09453803475788801
