ct_0,ct_1,ct_2,ct_3,ct_4
0.024021206351871997,0.055594274080767996,0.029022801009712,0.009186547259391999,0.012117601575088
