ct_0,ct_1,ct_2,ct_3,ct_4,ct_5
0.07925097808772799,0.071981423026432,0.059798635181872006,0.079401332859568,0.079401332859568,0.070113076184752
