ct_0,ct_1,ct_2,ct_3,ct_4,ct_5
0.004302395712448,0.009227744216368,0.0183154297408,0.004204147844032,0.004204147844032,0.01055110912
