ct_0,ct_1,ct_2,ct_3,ct_4
0.063832127117488,0.076112517668272,0.0474358403788,0.077862867021232,0.076112517668272
