ct_0,ct_1,ct_2,ct_3,ct_4
0.032352933358528,0.011476708119808,0.036210829320448,0.0071827346446719995,0.021705877529008
