ct_0,ct_1,ct_2
0.0159481399372,0.13001609977388798,0.144777391870768
