ct_0,ct_1
0.0131537766508,0.08948586693227199
