ct_0,ct_1,ct_2,ct_3,ct_4
0.010342383065008,0.115364532872752,0.122163334150192,0.122163334150192,0.12224665541867202
