ct_0,ct_1,ct_2,ct_3
0.085108237418752,0.039783590766592,0.058504535263168,0.06986225736908801
