ct_0,ct_1,ct_2,ct_3
0.107108057749552,0.0422876972032,0.112713467860528,0.11297794021892799
