ct_0,ct_1,ct_2,ct_3,ct_4
0.056380622738992005,0.066104377243648,0.11906406023531202,0.12141105952120002,0.12514562431172802
