ct_0,ct_1,ct_2,ct_3
0.1326660257392,0.0062838884243680004,0.0062838884243680004,0.0044231471728000005
