ct_0,ct_1,ct_2,ct_3
0.080753145860032,0.16357321503851202,0.16357321503851202,0.16385141646520002
