ct_0,ct_1,ct_2,ct_3,ct_4,ct_5,ct_6
0.0924753630832,0.0233827164268,0.08906487560627199,0.0924753630832,0.100460470414768,0.09883123667396801,0.098469866350528
