ct_0,ct_1,ct_2
0.1313279798092,0.024468560915631994,0.024468560915631994
