ct_0,ct_1,ct_2
0.9761904761904762,0.08333333333333337,0.08333333333333337
