ct_0,ct_1,ct_2
0.017856046059568,0.150509431172032,0.150509431172032
