ct_0,ct_1,ct_2,ct_3,ct_4,ct_5,ct_6
0.122201703307312,0.0679532062192,0.135145877471152,0.122201703307312,0.137979915932608,0.15719773169348797,0.152172639314368
