ct_0,ct_1
0.11950650562436801,0.017035171845568
