ct_0,ct_1,ct_2,ct_3,ct_4,ct_5,ct_6
0.5952380952380952,0.05555555555555558,0.625,1.0,1.0,1.0,1.0
