ct_0,ct_1,ct_2,ct_3,ct_4,ct_5,ct_6
0.13062907031531198,0.031306715901952,0.012425114687488,0.022406969908527998,0.017772873203248,0.004911831930112,0.004911831930112
