ct_0,ct_1,ct_2,ct_3,ct_4,ct_5,ct_6
0.0659451719788,0.161543416817968,0.152190445412608,0.128837375774512,0.13626234336875198,0.159157893891328,0.159157893891328
