ct_0,ct_1,ct_2,ct_3,ct_4,ct_5
0.014103180258352001,0.080882342778112,0.08698843949919999,0.095717154095152,0.094774888442032,0.09531468400811201
