ct_0,ct_1,ct_2,ct_3,ct_4,ct_5
0.092209957425088,0.13211331514719998,0.13436428903244801,0.13449132038579198,0.13436428903244801,0.13219785992320002
