ct_0,ct_1,ct_2,ct_3,ct_4,ct_5
0.015097526379952,0.139069207273408,0.153354866894512,0.151025788560688,0.150582733908928,0.152611489214512
