ct_0,ct_1,ct_2
0.08997674602796801,0.0873827848492,0.0641486682988
