ct_0,ct_1,ct_2
0.027346943795199998,0.034524070783792,0.04869007242899201
