ct_0,ct_1,ct_2
0.121004941320448,0.0075081911308,0.0250941571648
