ct_0,ct_1,ct_2
0.077537550041008,0.07785198499148799,0.050856906118192005
