ct_0,ct_1
0.014048569410352,0.0762257969728
