ct_0,ct_1
0.7142857142857143,0.33333333333333337
