ct_0,ct_1
0.1152780425728,0.037487898129328
