ct_0,ct_1,ct_2
0.0245378645872,0.081945574937008,0.0891778349932
