ct_0,ct_1,ct_2
0.11245985958443201,0.017173083064768,0.014079580196272002
