ct_0,ct_1,ct_2,ct_3,ct_4,ct_5
0.106889695419328,0.07939181417732799,0.133196391163312,0.12855543226259203,0.126303934319152,0.140125921349632
