ct_0,ct_1
0.008426111414271999,0.121004941320448
