ct_0,ct_1,ct_2,ct_3,ct_4,ct_5,ct_6,ct_7,ct_8,ct_9,ct_10,ct_11,ct_12
0.10919605658444799,0.014958316908592,0.0168330374188,0.007429219891648001,0.007429219891648001,0.006847043469568,0.010134334439727999,0.005523938153728,0.005523938153728,0.007254200651199999,0.007933043058352,0.003868085787568,0.004645694666752
