ct_0,ct_1,ct_2,ct_3
0.12957929538092802,0.010839049674928,0.00872008387,0.003712036791472
