ct_0,ct_1,ct_2,ct_3
0.014898264045568002,0.120151084506928,0.130133790769408,0.1325390545132
