ct_0,ct_1,ct_2,ct_3,ct_4,ct_5,ct_6
0.018421897089472,0.087958895914672,0.087958895914672,0.105591538854448,0.105591538854448,0.099304374611392,0.101440368477232
