ct_0,ct_1,ct_2,ct_3,ct_4,ct_5
0.0108498973552,0.130393406003632,0.140974894326832,0.130393406003632,0.14109319599251202,0.140974894326832
