ct_0,ct_1
0.0990878741872,0.0583531696492
