ct_0,ct_1
0.034843177553199996,0.071925031678912
