ct_0,ct_1
0.067113062996272,0.0308249527408
