ct_0,ct_1,ct_2
0.010917634446592002,0.11866992977348802,0.11866992977348802
