ct_0,ct_1,ct_2,ct_3,ct_4,ct_5
0.6190476190476191,0.8571428571428572,1.0,0.8333333333333334,0.75,1.0
