ct_0,ct_1,ct_2,ct_3,ct_4,ct_5
0.033015789932992,0.090995816079808,0.091579852687408,0.09278947585067202,0.09802346895851201,0.090995816079808
