ct_0,ct_1,ct_2,ct_3,ct_4,ct_5,ct_6
0.131815872184768,0.0122465008492,0.005202109194928,0.012190340588992,0.003724104177088,0.009597842219968,0.003701826953152
