ct_0,ct_1,ct_2,ct_3,ct_4,ct_5,ct_6
0.016537775932672,0.13194991703679998,0.144442505863168,0.132045129860272,0.147214591271728,0.13651432019972798,0.147256804355632
