ct_0,ct_1,ct_2,ct_3,ct_4,ct_5
0.10771418346999999,0.035085798654208,0.11654324006891201,0.114715597170688,0.12704285788,0.12704285788
