ct_0,ct_1,ct_2,ct_3,ct_4,ct_5
0.0373082010892,0.136231570439728,0.135616072026112,0.123640850694832,0.13858724118572802,0.13858724118572802
