ct_0,ct_1,ct_2
0.010917634446592002,0.1186981443628,0.1186981443628
