ct_0,ct_1,ct_2,ct_3,ct_4,ct_5
0.048546855729088,0.149693359464448,0.160488524640688,0.1630861856368,0.160488524640688,0.15200233361079998
