ct_0,ct_1,ct_2,ct_3
0.019190430251007997,0.133282880709568,0.136631815032112,0.14633032106564803
