ct_0,ct_1,ct_2,ct_3,ct_4,ct_5,ct_6
0.044309708379952004,0.130310959501312,0.103037601531328,0.129406399009072,0.14218674777491203,0.14181822457259197,0.13620763768120003
