ct_0,ct_1,ct_2,ct_3
0.012730697924272,0.091136372865712,0.015080202170368,0.0045353009392
