ct_0,ct_1,ct_2,ct_3
0.112643652781312,0.027422351164671996,0.113227677583792,0.1264570338508
