ct_0,ct_1,ct_2,ct_3,ct_4,ct_5,ct_6
0.011592723026608001,0.12543595378892802,0.1277994622192,0.1299667929712,0.13004916149060802,0.12994382276843197,0.130022263594672
