ct_0,ct_1,ct_2,ct_3,ct_4,ct_5,ct_6
0.10791158047403202,0.0128896077292,0.013362482557888,0.012406476654591998,0.012406476654591998,0.007517146662448,0.010011501520432
