ct_0,ct_1,ct_2,ct_3,ct_4,ct_5,ct_6
0.025929092220351998,0.132935914221568,0.137990220900352,0.12887647444139202,0.12887647444139202,0.144433191380992,0.144023573137408
