ct_0,ct_1,ct_2,ct_3
0.014232381263872001,0.115656401324032,0.11987002115627199,0.11568759201836801
