ct_0,ct_1,ct_2,ct_3
0.9285714285714286,1.0,0.04166666666666663,1.0
