ct_0,ct_1,ct_2,ct_3,ct_4,ct_5,ct_6,ct_7,ct_8,ct_9,ct_10,ct_11,ct_12,ct_13
0.75,0.7142857142857143,0.6666666666666667,0.4,0.5,0.5555555555555556,0.5555555555555556,1.0,1.0,0.375,1.0,1.0,1.0,1.0
