ct_0,ct_1,ct_2,ct_3,ct_4,ct_5
0.0291251596588,0.111368283656128,0.115682214105088,0.121086891763648,0.111368283656128,0.121086891763648
