ct_0,ct_1,ct_2,ct_3,ct_4,ct_5,ct_6,ct_7,ct_8,ct_9,ct_10,ct_11,ct_12,ct_13,ct_14
0.13191386655155202,0.005121872118448,0.0132642853612,0.015174663358912002,0.009483671461552,0.011468779364608,0.005298405668800001,0.016009690346800002,0.004164065127088,0.006647486451711999,0.0043966827628,0.012458403628288,0.018529141999552,0.004030870202368,0.006929125835199999
