ct_0,ct_1
0.06373296187000001,0.06714342173075201
