ct_0,ct_1
0.06062796907000001,0.0472083447148
