ct_0,ct_1,ct_2,ct_3
0.060440374701231994,0.132381670939072,0.12913574978679998,0.12235577067519998
