ct_0,ct_1,ct_2,ct_3,ct_4,ct_5,ct_6
0.077445419757568,0.077206506716608,0.091242208595392,0.100591249539328,0.099661121651968,0.070400895819712,0.091361507088832
