ct_0,ct_1,ct_2,ct_3,ct_4,ct_5,ct_6
0.375,0.7333333333333334,0.8333333333333334,1.0,1.0,0.7222222222222222,1.0
