ct_0,ct_1,ct_2,ct_3
0.056518950567472,0.0652811023168,0.116805378017968,0.118897883610928
