ct_0,ct_1,ct_2,ct_3
0.084443934692608,0.11079710122091199,0.0845055379852,0.11560263109043199
