ct_0,ct_1,ct_2,ct_3
0.019374282117807996,0.139404073080112,0.11778831878963199,0.116530300272688
