ct_0,ct_1,ct_2,ct_3,ct_4,ct_5,ct_6,ct_7,ct_8
0.9285714285714286,1.0,0.5,0.19047619047619047,0.19047619047619047,0.5,1.0,1.0,0.8571428571428572
