ct_0,ct_1,ct_2,ct_3,ct_4,ct_5,ct_6
0.021458225027247996,0.11909393716019201,0.118413934962352,0.12298975340919999,0.11909393716019201,0.11909393716019201,0.125607498255808
