ct_0,ct_1,ct_2,ct_3,ct_4,ct_5
0.020332739530672,0.132003999400192,0.134284916451328,0.138832738205632,0.134284916451328,0.13442893350035198
