ct_0,ct_1,ct_2,ct_3,ct_4,ct_5,ct_6
0.11653946591027199,0.112354424717488,0.056008442308912006,0.1041315876592,0.11330509187507201,0.104868253996288,0.124644054671152
