ct_0,ct_1,ct_2,ct_3,ct_4,ct_5,ct_6
0.0136753299952,0.013619217377968,0.05707748184683201,0.0176007943168,0.011702224917952,0.019272696407728,0.006919260185392
