ct_0,ct_1,ct_2,ct_3,ct_4
0.017309060760832,0.105810049238272,0.111349705797808,0.111349705797808,0.12182751082931201
