ct_0,ct_1,ct_2,ct_3,ct_4,ct_5
0.022271418132927996,0.108927791392048,0.10385513762372801,0.117950705688832,0.117950705688832,0.118005934948288
