ct_0,ct_1,ct_2,ct_3,ct_4
0.11201226125919998,0.014294159127087999,0.013705244166832,0.0100095424108,0.0100095424108
