ct_0,ct_1,ct_2,ct_3,ct_4
0.038643357089968,0.11428795928723201,0.108357748,0.11427724861331201,0.11427724861331201
