ct_0,ct_1,ct_2,ct_3,ct_4
0.7142857142857143,0.6666666666666667,1.0,1.0,1.0
