ct_0,ct_1,ct_2,ct_3,ct_4,ct_5
0.1159501391728,0.026878304651199995,0.015509210894512002,0.031947953440191995,0.012074774699968,0.012074774699968
