ct_0,ct_1,ct_2,ct_3,ct_4,ct_5
0.060913624535728,0.07868127112748799,0.104038718715952,0.083202242365888,0.09951694107999999,0.09951694107999999
