ct_0,ct_1,ct_2
0.009047164967872,0.11911186456964801,0.1259857424428
