ct_0,ct_1,ct_2,ct_3,ct_4
0.013711631224768,0.105167988397312,0.10920607474667199,0.117281631092272,0.11739458321612802
