ct_0,ct_1,ct_2,ct_3,ct_4,ct_5,ct_6
0.07590160417120001,0.089128995462592,0.09923644620203201,0.053754690455728,0.096055492474672,0.102752825203888,0.10332212262092799
