ct_0,ct_1,ct_2,ct_3,ct_4,ct_5,ct_6,ct_7,ct_8
0.9523809523809523,1.0,0.4,1.0,1.0,0.16666666666666663,1.0,0.5,1.0
