ct_0,ct_1,ct_2,ct_3,ct_4,ct_5,ct_6
0.015570561305392,0.08623022972459199,0.09259667296388802,0.103995147303088,0.103995147303088,0.10262267009079999,0.10262267009079999
