ct_0,ct_1,ct_2,ct_3,ct_4,ct_5,ct_6
0.12486602736491201,0.088238055118768,0.147394614337792,0.16342015889708802,0.13097161609835198,0.16445602483,0.14049340659347198
