ct_0,ct_1,ct_2,ct_3,ct_4,ct_5,ct_6
0.8333333333333334,0.7619047619047619,0.8,0.6666666666666667,0.9285714285714286,1.0,1.0
