ct_0,ct_1,ct_2,ct_3,ct_4,ct_5
0.112822750221568,0.006405806362047999,0.080718703986112,0.0049844098746879995,0.005137538972848001,0.003805515986992
