ct_0,ct_1,ct_2,ct_3,ct_4,ct_5
0.8809523809523809,1.0,0.06666666666666665,1.0,1.0,1.0
