ct_0,ct_1,ct_2,ct_3,ct_4,ct_5
0.017743774460848,0.11518244582444802,0.11471935081451201,0.11761519180595198,0.11735080303364802,0.11966971340996801
