ct_0,ct_1,ct_2,ct_3,ct_4,ct_5,ct_6,ct_7,ct_8,ct_9
0.131324605654192,0.127886351353792,0.115453732656688,0.11122393500563199,0.097693552549888,0.1268456249068,0.133617723600832,0.143338538012848,0.1422932624368,0.143338538012848
