ct_0,ct_1,ct_2
0.052186753355200004,0.09375642392171199,0.096397759681792
