ct_0,ct_1,ct_2
0.47619047619047616,0.4285714285714286,0.4
