ct_0,ct_1,ct_2
0.10312913707,0.0166989048748,0.012319313278912001
