ct_0,ct_1,ct_2
0.014983431779248,0.107199741372352,0.11591838585707198
