ct_0,ct_1,ct_2,ct_3
0.022450272468927997,0.091395814616368,0.09489464536580801,0.10109437451468799
