ct_0,ct_1,ct_2,ct_3
0.7142857142857143,1.0,0.41666666666666663,0.5
