ct_0,ct_1,ct_2
0.013692470986672001,0.09408698493279999,0.109820942156032
