ct_0,ct_1,ct_2,ct_3,ct_4,ct_5
0.008643536847808,0.119595716245168,0.119595716245168,0.123889730934832,0.128207912465968,0.12818561125508798
