ct_0,ct_1,ct_2,ct_3,ct_4,ct_5
0.119595716245168,0.016560439304128,0.012454741421872001,0.006137439842752,0.007436571263152,0.0037129650052480003
