ct_0,ct_1,ct_2,ct_3,ct_4
0.11504339608004802,0.218008799194048,0.22391859326156802,0.22391859326156802,0.20943277810835198
