ct_0,ct_1,ct_2,ct_3,ct_4
0.5476190476190477,0.30000000000000004,1.0,1.0,0.8333333333333334
