ct_0,ct_1,ct_2,ct_3
0.10718716605279999,0.016659034397872,0.015407022417712,0.045770461971712
