ct_0,ct_1,ct_2,ct_3
0.4285714285714286,0.5,0.16666666666666663,0.20833333333333337
