ct_0,ct_1,ct_2,ct_3
0.046407168855088,0.076438860275248,0.084637522629808,0.073898926747648
