ct_0,ct_1,ct_2,ct_3,ct_4,ct_5,ct_6,ct_7,ct_8,ct_9,ct_10,ct_11
0.0153954459628,0.08345824422092799,0.009864002349232,0.025055551425471997,0.005481813326271999,0.019034430797248,0.003913021489408,0.013233802351552,0.007721708812288,0.011900959087552001,0.008764031501872,0.005256363968512
