ct_0,ct_1,ct_2,ct_3,ct_4
0.075762186949168,0.0719902064428,0.082173928542208,0.08340460864619201,0.08340460864619201
