ct_0,ct_1,ct_2,ct_3
0.6904761904761905,0.5,0.16666666666666663,0.16666666666666663
