ct_0,ct_1,ct_2,ct_3
0.03933528468280001,0.122864512265008,0.128693864116672,0.128693864116672
