ct_0,ct_1,ct_2,ct_3
0.031704827618752,0.011299751141632002,0.034577729096128,0.006850541931568
