ct_0,ct_1,ct_2,ct_3
0.037460029294528,0.0614643558208,0.051964869856192,0.067618337463088
