ct_0,ct_1,ct_2,ct_3,ct_4,ct_5,ct_6
0.7142857142857143,0.6111111111111112,0.4,1.0,0.19999999999999996,0.75,1.0
