ct_0,ct_1,ct_2,ct_3,ct_4,ct_5,ct_6
0.041223246905392,0.10465975398212801,0.11092270717484799,0.12684340318379198,0.126857844630448,0.121502953171888,0.12345375622379201
