ct_0,ct_1,ct_2,ct_3,ct_4,ct_5
0.014294159127087999,0.080034623793088,0.086271728330752,0.095020493157808,0.090138581503792,0.094639089000112
