ct_0,ct_1
0.003753814109632,0.1029584994028
