ct_0,ct_1,ct_2,ct_3
0.019396710820528,0.0145875760972,0.004914021101488,0.029348780811567995
