ct_0,ct_1,ct_2,ct_3
0.071143813623472,0.077660441524528,0.094046334294832,0.058815881018800004
