ct_0,ct_1,ct_2,ct_3,ct_4,ct_5,ct_6
0.0442298966092,0.12495386106879998,0.14367015653171197,0.1458614633452,0.1458614633452,0.12914413463680002,0.150348093741232
