ct_0,ct_1,ct_2,ct_3,ct_4,ct_5,ct_6
0.7142857142857143,1.0,0.19999999999999996,0.33333333333333337,0.33333333333333337,0.2857142857142857,0.33333333333333337
