ct_0,ct_1,ct_2,ct_3,ct_4,ct_5
0.06443921150771201,0.06060682383812801,0.11516579975147201,0.10734911133611201,0.11274918054035202,0.10571042306680001
