ct_0,ct_1,ct_2,ct_3,ct_4,ct_5
0.11544298443332798,0.047202143948800006,0.013085843792128,0.019870640913328,0.007879131621808,0.012238856286208001
