ct_0,ct_1,ct_2
0.011569577653168,0.0942627010048,0.0942627010048
