ct_0,ct_1,ct_2
0.11345142778720001,0.072438111132208,0.0131537766508
