ct_0,ct_1,ct_2,ct_3,ct_4,ct_5
0.9761904761904762,0.2857142857142857,0.4,0.11111111111111116,0.19999999999999996,0.6666666666666667
