ct_0,ct_1,ct_2,ct_3,ct_4,ct_5
0.0122697697228,0.11084214418835199,0.11084214418835199,0.11201013383315202,0.114538687718848,0.11273798659652798
