ct_0,ct_1,ct_2,ct_3
0.11345142778720001,0.015904387788207998,0.072438111132208,0.005469870303232
