ct_0,ct_1,ct_2,ct_3
0.5952380952380952,1.0,0.09999999999999998,1.0
