ct_0,ct_1,ct_2,ct_3
0.11736431483084801,0.197082883713472,0.21582256710443198,0.218376882595888
