ct_0,ct_1,ct_2,ct_3
0.0127660684588,0.121227345376432,0.123364646343088,0.12407209811756799
