ct_0,ct_1,ct_2,ct_3
0.11690359742507199,0.025260710039728,0.011737643056432,0.003699351982528
