ct_0,ct_1,ct_2,ct_3,ct_4,ct_5,ct_6,ct_7,ct_8
0.13310935675000002,0.014636655059200001,0.003819761455408,0.0043453284928,0.026402977313728,0.026402977313728,0.004053523846192,0.011660861115952,0.013923589251328
