ct_0,ct_1,ct_2
0.12103389492279998,0.017977775976448,0.01246772608
