ct_0,ct_1,ct_2
0.00716328043,0.103743693481408,0.12103389492279998
