ct_0,ct_1,ct_2,ct_3,ct_4,ct_5,ct_6
0.8809523809523809,0.8571428571428572,0.02777777777777779,1.0,0.8333333333333334,0.125,0.5
