ct_0,ct_1,ct_2,ct_3
0.021617941446591998,0.11739458321612802,0.11739458321612802,0.11440794244652802
