ct_0,ct_1,ct_2,ct_3,ct_4,ct_5
0.2857142857142857,1.0,0.4,0.33333333333333337,1.0,1.0
