ct_0,ct_1,ct_2,ct_3,ct_4,ct_5
0.09851061982508799,0.106125827090992,0.096890367553072,0.099549656884672,0.10082628017555201,0.09393595376171199
