ct_0,ct_1,ct_2,ct_3,ct_4,ct_5
0.030352875103167996,0.003814186923952,0.032782959070000006,0.025161558362799995,0.007029102118912001,0.011433436386352
