ct_0,ct_1,ct_2,ct_3,ct_4
0.014401241711872,0.0987358824448,0.11581830187,0.106312310484928,0.11262713382520001
