ct_0,ct_1,ct_2,ct_3,ct_4
0.115221110875072,0.014401241711872,0.003842062380592,0.009534075623872,0.005703614120752
