ct_0,ct_1,ct_2,ct_3
1.0,1.0,0.9166666666666666,0.9285714285714286
