ct_0,ct_1,ct_2,ct_3
0.043491183462448,0.10868185893299201,0.086344976393152,0.081257370024112
