ct_0,ct_1,ct_2,ct_3,ct_4,ct_5
0.018095445235888,0.094880050517248,0.114302419245232,0.114302419245232,0.094880050517248,0.114302419245232
