ct_0,ct_1,ct_2
0.119092850680768,0.09029208882155201,0.097369075148848
