ct_0,ct_1,ct_2
0.023403967870912,0.060041927729968,0.037579385609152
