ct_0,ct_1,ct_2,ct_3,ct_4,ct_5,ct_6
0.6190476190476191,1.0,0.8333333333333334,0.11111111111111116,1.0,1.0,1.0
