ct_0,ct_1,ct_2,ct_3,ct_4,ct_5,ct_6
0.0672857516608,0.150085245847552,0.142712658469312,0.138907336394752,0.1613322291148,0.16072110348740798,0.152526532861888
