ct_0,ct_1
0.012134205005488001,0.121676961489712
