ct_0,ct_1
0.11236347587680001,0.006533878731712
