ct_0,ct_1,ct_2,ct_3,ct_4,ct_5,ct_6,ct_7,ct_8,ct_9
0.016362776784832,0.0843600408172,0.009709839351232,0.010911385315887999,0.003971309996032,0.003971309996032,0.010807498136751999,0.027917455206831997,0.007257072959152001,0.0211627298572
