ct_0,ct_1,ct_2
0.119595716245168,0.016560439304128,0.012454741421872001
