ct_0,ct_1,ct_2
0.006137439842752,0.119595716245168,0.119595716245168
