ct_0,ct_1
0.010906780892848,0.128930661020608
