ct_0,ct_1,ct_2,ct_3,ct_4,ct_5
0.059576653840048004,0.1040044835212,0.105955111195072,0.109931901364672,0.10762759834720001,0.10744348641899201
