ct_0,ct_1,ct_2,ct_3,ct_4,ct_5
0.40476190476190477,0.5714285714285714,0.6,1.0,1.0,1.0
