ct_0,ct_1,ct_2
0.048855064758208,0.053171563010992,0.0998519341228
