ct_0,ct_1,ct_2,ct_3
0.005691962834368,0.080718703986112,0.003634712967472,0.003634712967472
