ct_0,ct_1,ct_2,ct_3
0.07272727223300801,0.011851577738799999,0.0758030184448,0.0758030184448
