ct_0,ct_1,ct_2,ct_3,ct_4,ct_5
0.45238095238095233,1.0,0.5,0.1333333333333333,1.0,0.5
