ct_0,ct_1,ct_2,ct_3,ct_4,ct_5
0.1042743173452,0.18512426317868802,0.19510088732036798,0.201716752555312,0.20083675930719996,0.19953314601107203
