ct_0,ct_1,ct_2,ct_3,ct_4,ct_5
0.1322288645452,0.014183452136752,0.0145875760972,0.029348780811567995,0.006281989418032,0.010878500295088
