ct_0,ct_1,ct_2
0.042124563041200005,0.047455293038848004,0.08478122560964801
