ct_0,ct_1,ct_2,ct_3
0.055705387613632,0.14325727349636802,0.159919123959808,0.16264230585323197
