ct_0,ct_1,ct_2,ct_3
0.113345140877872,0.015808387797951996,0.055624846100272005,0.012160774986928
