ct_0,ct_1,ct_2,ct_3,ct_4
0.08777032649080001,0.09279697078931198,0.087199993728448,0.088749421510912,0.088749421510912
