ct_0,ct_1,ct_2,ct_3,ct_4
0.074417015893552,0.03029904187,0.010725041636800001,0.009693554348032,0.009693554348032
