ct_0,ct_1
0.036396828113200004,0.109108542749632
