ct_0,ct_1
0.10896625182515199,0.014641056129328001
