ct_0,ct_1,ct_2,ct_3,ct_4,ct_5,ct_6,ct_7,ct_8,ct_9,ct_10,ct_11,ct_12,ct_13,ct_14,ct_15,ct_16,ct_17,ct_18,ct_19,ct_20
0.016145199785392,0.0803129146828,0.009843783929008,0.010935396836799999,0.0038175935488,0.0038175935488,0.010922568191152,0.0133514190988,0.014781289653808,0.006044858570032,0.034773201786112,0.003851355754672,0.0068973041392,0.004866494330032,0.011568916418992,0.011568916418992,0.004837737823792,0.010515040331200001,0.004105054750768,0.0037671242656480003,0.0036780076561120003
