ct_0,ct_1,ct_2,ct_3,ct_4,ct_5,ct_6
0.052694078414272004,0.102229955334592,0.10622976363520001,0.10364524120268799,0.10718087857964799,0.09940195267,0.10321656066995201
