ct_0,ct_1,ct_2,ct_3,ct_4,ct_5
0.10832356710520001,0.10694257034948801,0.05631149200235199,0.100621516241968,0.10860816856883199,0.105494587631152
