ct_0,ct_1
0.027073340120751997,0.1128616741708
