ct_0,ct_1
0.11245985958443201,0.017173083064768
