ct_0,ct_1
0.066182891973568,0.036315697550128
