ct_0,ct_1
0.13142078126079998,0.133277227180288
