ct_0,ct_1
0.063391124038192,0.072858061179952
