ct_0,ct_1
0.3214285714285714,0.38888888888888884
