ct_0,ct_1,ct_2,ct_3
0.058477918785712006,0.09251479567787202,0.140181194457088,0.12710455025387202
