ct_0,ct_1,ct_2,ct_3
0.072746747083312,0.038085177557248,0.006553863122992,0.016921843479087997
