ct_0,ct_1,ct_2,ct_3,ct_4,ct_5,ct_6
0.10791158047403202,0.032352933358528,0.011476708119808,0.021705877529008,0.019040373814191998,0.0072557963692000006,0.009896293486527999
