ct_0,ct_1,ct_2,ct_3,ct_4,ct_5,ct_6
0.065456054120752,0.061633333025728,0.08410899875588801,0.070056653811712,0.06925485530679999,0.087898480902592,0.081942211183552
