ct_0,ct_1,ct_2,ct_3,ct_4,ct_5,ct_6
0.1051086432112,0.016515802924288,0.013241171214592,0.021778900946367998,0.0139427833228,0.0139427833228,0.004691567945392
