ct_0,ct_1,ct_2,ct_3,ct_4,ct_5,ct_6
0.033515408540608,0.11108442338180799,0.11168373785804801,0.10746760898680001,0.11760166998635199,0.11760166998635199,0.12336189639884798
