ct_0,ct_1,ct_2,ct_3,ct_4,ct_5,ct_6
0.011865826763008,0.114096290497792,0.11407327627652798,0.111867627779008,0.111808091396032,0.11398337556279999,0.11411288313668799
