ct_0,ct_1
0.04900475822891201,0.11982701044556801
