ct_0,ct_1,ct_2,ct_3,ct_4
0.023403967870912,0.060041927729968,0.037579385609152,0.005418655173808,0.0037550521962880002
