ct_0,ct_1,ct_2,ct_3,ct_4
0.11325063303059202,0.087166682832832,0.107384760855088,0.130287406787008,0.133291361165488
