ct_0,ct_1,ct_2,ct_3,ct_4,ct_5,ct_6
0.128805541415872,0.21165417844115197,0.22879487447108798,0.220756673994928,0.229809435631792,0.235425079761712,0.23253393152435198
