ct_0,ct_1,ct_2,ct_3,ct_4,ct_5,ct_6
0.5952380952380952,1.0,0.16666666666666663,1.0,0.5,0.19999999999999996,0.33333333333333337
