ct_0,ct_1,ct_2,ct_3,ct_4,ct_5,ct_6
0.11544298443332798,0.0153733172848,0.047202143948800006,0.010896257133232,0.012161439307312,0.012238856286208001,0.013952549804992
