ct_0,ct_1
0.039307525169200004,0.11953533334451198
