ct_0,ct_1
0.10912119388000001,0.013251220338112
