ct_0,ct_1,ct_2,ct_3,ct_4
0.13883159065523198,0.1104523320688,0.11877357559955201,0.14445065621651199,0.14410557886148798
