ct_0,ct_1,ct_2,ct_3,ct_4
0.033122563317808,0.111700740677632,0.10908587738564801,0.08778456296339202,0.08778456296339202
