ct_0,ct_1,ct_2,ct_3,ct_4
0.11270494003307199,0.006358924053952,0.009310829258032,0.043798430468032,0.043798430468032
