ct_0,ct_1,ct_2
0.09704545749879999,0.07829567939320001,0.07422756353540799
