ct_0,ct_1,ct_2
0.025330008323248,0.036680297914672005,0.048618034971568004
