ct_0,ct_1,ct_2,ct_3,ct_4,ct_5,ct_6
0.093341122099648,0.07869076397612801,0.08180001121120001,0.12460100151659198,0.127157358487552,0.092244366538288,0.12460100151659198
