ct_0,ct_1,ct_2
0.032370463946752,0.09904244924651201,0.1118394529612
