ct_0,ct_1,ct_2
0.115698885917488,0.06800822952107201,0.011643326939392
