ct_0,ct_1,ct_2
0.10108769497720001,0.044595021368752,0.118763806584832
