ct_0,ct_1,ct_2
0.7777777777777778,0.8214285714285714,0.8
