ct_0,ct_1,ct_2
0.029649922291888,0.085164641548288,0.012315322483648
