ct_0,ct_1,ct_2
0.023485759947951997,0.034764311864752,0.049969372991488
