ct_0,ct_1,ct_2
0.105858047961088,0.08913935465540801,0.07948701655172799
