ct_0,ct_1,ct_2,ct_3,ct_4
0.011717781199792,0.11365768989491201,0.11571555856019201,0.116019576390832,0.11571555856019201
