ct_0,ct_1,ct_2,ct_3
0.10501132059908799,0.007553615463088,0.006753895642672,0.022925640159232
