ct_0,ct_1,ct_2,ct_3
0.019472433819567998,0.106597733373952,0.107912105628928,0.10764228992300799
