ct_0,ct_1,ct_2
0.0308249527408,0.055600302021568,0.055600302021568
