ct_0,ct_1,ct_2,ct_3,ct_4,ct_5,ct_6
0.015754097741487998,0.1132565056108,0.12125139763076799,0.12191787179627198,0.12191787179627198,0.12191787179627198,0.119418405752752
