ct_0,ct_1,ct_2,ct_3,ct_4,ct_5,ct_6,ct_7,ct_8,ct_9,ct_10
0.0547636135372,0.066569981281072,0.09407544158276798,0.1255953213952,0.125455317554608,0.12491795156919999,0.12450056459819202,0.12450056459819202,0.1255953213952,0.12450056459819202,0.125455317554608
