ct_0,ct_1
0.069021363193792,0.047550100324912005
