ct_0,ct_1
0.06402834951827199,0.070284717195568
