ct_0,ct_1
0.1313279798092,0.010878500295088
