ct_0,ct_1
0.037199215730608,0.141308540452528
