ct_0,ct_1
0.7619047619047619,0.8571428571428572
