ct_0,ct_1,ct_2,ct_3,ct_4,ct_5,ct_6
0.094440532921792,0.0425054298688,0.112142060389312,0.116280228697648,0.10244560268492801,0.100254927470848,0.112804089687088
