ct_0,ct_1,ct_2,ct_3,ct_4,ct_5,ct_6
0.11270867093036802,0.062927376376768,0.006248129028351999,0.0038284335052,0.012250157106112,0.023045258485168,0.005855503811632
