ct_0,ct_1,ct_2,ct_3,ct_4,ct_5,ct_6
0.19047619047619047,1.0,1.0,1.0,1.0,0.5833333333333333,1.0
