ct_0,ct_1,ct_2,ct_3,ct_4,ct_5
0.135232821757888,0.010586204245168,0.016671750442431996,0.005597851244848,0.021715849318192,0.005805061740591999
