ct_0,ct_1,ct_2,ct_3,ct_4,ct_5
0.0258188973388,0.148981386452992,0.14329442088836802,0.148981386452992,0.13516860605099199,0.14859410376083199
