ct_0,ct_1,ct_2,ct_3
0.026343479203071996,0.120497282473408,0.117508654505392,0.1237074584128
