ct_0,ct_1,ct_2,ct_3
0.1166990958592,0.005553183161392,0.013560106806448,0.003725651372848
