ct_0,ct_1,ct_2,ct_3,ct_4
0.027234638743551996,0.10727520374060799,0.10727520374060799,0.10715939731844801,0.107773494731008
