ct_0,ct_1,ct_2,ct_3,ct_4,ct_5,ct_6,ct_7
0.7222222222222222,0.9523809523809523,0.8333333333333334,1.0,1.0,0.9285714285714286,1.0,1.0
