ct_0,ct_1,ct_2,ct_3,ct_4,ct_5,ct_6
0.12023610243524802,0.052490745512368,0.084795308689408,0.132669412237312,0.13304324689964803,0.13079861837252799,0.1296727720972
