ct_0,ct_1,ct_2,ct_3,ct_4,ct_5,ct_6,ct_7,ct_8
0.10912119388000001,0.013251220338112,0.013189263130672002,0.026559543519232,0.009695508434368,0.004744017410992,0.0092446162828,0.004584871168432,0.003961076293167999
