ct_0,ct_1,ct_2,ct_3,ct_4,ct_5
0.069899840792512,0.065432209806592,0.065190754286512,0.073301491532032,0.04940727160120001,0.04940727160120001
