ct_0,ct_1,ct_2,ct_3,ct_4,ct_5
0.1071428571428571,0.16666666666666663,0.8333333333333334,1.0,1.0,1.0
