ct_0,ct_1,ct_2
0.06062796907000001,0.0472083447148,0.004114059580672
