ct_0,ct_1,ct_2
0.127991091838912,0.11453118454988798,0.141577167701248
