ct_0,ct_1,ct_2,ct_3,ct_4,ct_5,ct_6,ct_7,ct_8
0.26190476190476186,0.4285714285714286,0.6666666666666667,0.33333333333333337,1.0,0.5,1.0,1.0,0.33333333333333337
