ct_0,ct_1,ct_2,ct_3
0.0084393263788,0.105813179366848,0.12103389492279998,0.12321508075000001
