ct_0,ct_1,ct_2,ct_3,ct_4,ct_5
0.12551009507987199,0.011063426278192,0.0060587568268,0.0203613172288,0.006107729919999999,0.003704301979072
