ct_0,ct_1,ct_2,ct_3,ct_4,ct_5
0.011063426278192,0.12233109337720001,0.130942402939312,0.1137186313072,0.13085533911443203,0.1351975869952
