ct_0,ct_1
0.025126214587647997,0.1041705074572
