ct_0,ct_1
0.103788784672432,0.015954635603392
