ct_0,ct_1,ct_2,ct_3,ct_4,ct_5
0.1051086432112,0.016515802924288,0.013241171214592,0.004637270992048,0.0046616077708,0.004462699745968
