ct_0,ct_1,ct_2,ct_3,ct_4,ct_5
0.016515802924288,0.09141570492164801,0.101672449692928,0.110012238467008,0.1099710103552,0.11030838951212799
