ct_0,ct_1,ct_2
0.8888888888888888,0.7857142857142857,0.8571428571428572
