ct_0,ct_1,ct_2
0.09827789003051202,0.057038901342208,0.11023326842675202
