ct_0,ct_1,ct_2,ct_3,ct_4,ct_5,ct_6
0.030787952121087998,0.0828828224512,0.009757403922688,0.0236242232332,0.021590538951471998,0.004799303049472,0.012729363377200001
