ct_0,ct_1,ct_2,ct_3,ct_4,ct_5,ct_6
0.1055201256448,0.07007867074355201,0.125253986126128,0.1036234822768,0.11650172665235199,0.13394890465259202,0.12030533127519999
