ct_0,ct_1,ct_2,ct_3
0.7777777777777778,0.875,1.0,0.9166666666666666
