ct_0,ct_1,ct_2,ct_3
0.085782442543792,0.095538042446272,0.09761684452331201,0.0774345552748
