ct_0,ct_1,ct_2
0.046557913679152,0.07698478960844801,0.114214062671872
