ct_0,ct_1,ct_2
0.8571428571428572,0.8333333333333334,1.0
