ct_0,ct_1,ct_2
0.072746747083312,0.038085177557248,0.006553863122992
