ct_0,ct_1,ct_2,ct_3,ct_4,ct_5,ct_6,ct_7
0.6428571428571428,0.6111111111111112,1.0,1.0,1.0,0.875,1.0,1.0
