ct_0,ct_1,ct_2,ct_3,ct_4,ct_5,ct_6
0.011303380226608,0.106625452973488,0.11597543633924799,0.12465951093188798,0.12466613525099199,0.11597543633924799,0.12466613525099199
