ct_0,ct_1,ct_2,ct_3,ct_4,ct_5
0.0804108397552,0.037969025895088,0.08338335064388801,0.092824453894192,0.07801999767044801,0.08338335064388801
