ct_0,ct_1,ct_2,ct_3,ct_4,ct_5
1.0,0.5555555555555556,0.6666666666666667,1.0,0.33333333333333337,0.8
