ct_0,ct_1
0.018119407777791998,0.119859676315648
