ct_0,ct_1
0.131815872184768,0.0122465008492
