ct_0,ct_1,ct_2,ct_3,ct_4,ct_5,ct_6
0.09802550347,0.0468160132588,0.09345628504268799,0.101069198558512,0.09958288749611201,0.10331487702419201,0.092053422979072
