ct_0,ct_1,ct_2,ct_3,ct_4,ct_5,ct_6
0.023085152551167998,0.11909393716019201,0.12089024335916801,0.125499028230592,0.11909393716019201,0.11909393716019201,0.128135438585008
