ct_0,ct_1,ct_2,ct_3,ct_4,ct_5,ct_6
0.013455050149312,0.11253070101299201,0.12207838893971201,0.1080581321968,0.124333417169152,0.114885626065072,0.124187297148592
