ct_0,ct_1,ct_2
0.055995069588928005,0.12679952698700797,0.0878636131468
