ct_0,ct_1,ct_2
0.046128637157632005,0.040972186223872,0.079446075295408
