ct_0,ct_1,ct_2,ct_3,ct_4
0.06062796907000001,0.0472083447148,0.016300380516352,0.007154351703088001,0.007154351703088001
