ct_0,ct_1,ct_2,ct_3,ct_4
0.060463265142832,0.064803238772992,0.115587576973312,0.12186803344479999,0.12186803344479999
