ct_0,ct_1
0.016411822501551997,0.12557816380139203
