ct_0,ct_1
0.12557816380139203,0.0190564561708
