ct_0,ct_1,ct_2
0.014823320785072,0.08324521440107199,0.009847696912432
