ct_0,ct_1,ct_2
0.11057727519635199,0.034387876860352,0.11859669126476802
