ct_0,ct_1,ct_2,ct_3,ct_4,ct_5
0.0988098175852,0.061861342172848,0.096000928127152,0.08269048487147199,0.108308318345152,0.12142637343620802
