ct_0,ct_1,ct_2,ct_3,ct_4,ct_5,ct_6
0.103086210254848,0.025592895391407997,0.11234803581419202,0.122805203188912,0.122805203188912,0.1103544230092,0.116570738788288
