ct_0,ct_1,ct_2
0.112822750221568,0.006405806362047999,0.003790962722752
