ct_0,ct_1,ct_2,ct_3,ct_4
0.036032813613232004,0.09303191067443199,0.10954212733772797,0.104703418292272,0.104703418292272
