ct_0,ct_1,ct_2,ct_3,ct_4,ct_5,ct_6
0.017525036550832,0.11069220180932801,0.131644726410688,0.11069220180932801,0.11493391507691197,0.131644726410688,0.131644726410688
