ct_0,ct_1,ct_2,ct_3,ct_4,ct_5
0.7619047619047619,1.0,0.7142857142857143,0.875,0.6666666666666667,0.5
