ct_0,ct_1,ct_2,ct_3,ct_4,ct_5
0.030059078085808003,0.125231868774448,0.111362444786608,0.11220059321267199,0.119762776641472,0.11458317426999999
