ct_0,ct_1,ct_2,ct_3,ct_4,ct_5
0.11950650562436801,0.004302395712448,0.017035171845568,0.013328959818688,0.009227744216368,0.0183154297408
