ct_0,ct_1,ct_2,ct_3
0.018428162394111998,0.115034808035248,0.1332280451212,0.118915800727552
