ct_0,ct_1,ct_2,ct_3,ct_4,ct_5,ct_6
0.035926946817712004,0.12682063132000002,0.114185151083968,0.10621252556036799,0.12440677574507202,0.11812671257963202,0.128280400948528
