ct_0,ct_1,ct_2,ct_3,ct_4,ct_5,ct_6
0.1166990958592,0.0045402881499519996,0.013560106806448,0.024306854131888,0.009058180076800001,0.0095890560748,0.003725651372848
