ct_0,ct_1,ct_2,ct_3,ct_4
0.12090771868307199,0.06555100554880001,0.09639270115475201,0.142445559723568,0.142445559723568
