ct_0,ct_1,ct_2,ct_3,ct_4
0.024066425213871995,0.06428113593323201,0.03719451283,0.027875179673008,0.007039932687808
