ct_0,ct_1,ct_2,ct_3
0.0042224850412,0.101357047393072,0.101357047393072,0.08010762883
