ct_0,ct_1,ct_2,ct_3
0.12551009507987199,0.006958409426368,0.006958409426368,0.0203613172288
