ct_0,ct_1,ct_2,ct_3,ct_4
0.022108134204591998,0.113176967725312,0.11232780510788799,0.124124456634928,0.11779535394347201
