ct_0,ct_1,ct_2,ct_3,ct_4
0.8571428571428572,0.2222222222222222,0.875,0.5,0.6
