ct_0,ct_1,ct_2,ct_3,ct_4,ct_5
0.08165356677880001,0.101320023078448,0.081714535514368,0.1059843403888,0.134461827100672,0.13122283326668802
