ct_0,ct_1,ct_2,ct_3
0.015080202170368,0.079141121432512,0.08300822922880001,0.079141121432512
