ct_0,ct_1,ct_2,ct_3,ct_4
0.019063099416831996,0.14177370156236802,0.144886364181952,0.128202894572992,0.144316779016192
