ct_0,ct_1,ct_2,ct_3,ct_4
0.1326660257392,0.0169862466112,0.012195988729648,0.026975239133488,0.004153192451008
