ct_0,ct_1,ct_2,ct_3,ct_4
0.8809523809523809,0.33333333333333337,0.25,0.5833333333333333,1.0
