ct_0,ct_1,ct_2
0.015724742410672,0.120229561848112,0.1241702078272
