ct_0,ct_1
0.08227206024524801,0.10164722615108801
