ct_0,ct_1
0.2142857142857143,0.1428571428571429
