ct_0,ct_1,ct_2,ct_3,ct_4,ct_5,ct_6,ct_7,ct_8,ct_9,ct_10,ct_11,ct_12,ct_13,ct_14
0.375,0.8571428571428572,1.0,0.8333333333333334,0.33333333333333337,0.4285714285714286,0.16666666666666663,1.0,1.0,0.6666666666666667,0.7272727272727273,1.0,1.0,1.0,1.0
