ct_0,ct_1,ct_2,ct_3,ct_4,ct_5,ct_6
0.025192900879791997,0.10152731402080001,0.10955110057720002,0.10527733787027199,0.11951466416684799,0.1135636269568,0.1135636269568
