ct_0,ct_1,ct_2
0.031131470216752,0.058504971625647995,0.015461513261872001
