ct_0,ct_1,ct_2
0.096109561534912,0.055319751908799994,0.108265205093632
