ct_0,ct_1,ct_2,ct_3,ct_4
0.025484400203199996,0.1044430821232,0.10847135996339201,0.11327359007492799,0.116916551570608
