ct_0,ct_1,ct_2,ct_3,ct_4,ct_5
0.017256931629999996,0.110922177089968,0.11280782170931201,0.11308464243332801,0.117573546331312,0.11305636298079999
