ct_0,ct_1,ct_2,ct_3,ct_4,ct_5
0.102869598282928,0.011105253403071998,0.032786015526448,0.0164807907568,0.005376569131312001,0.005632150536448
