ct_0,ct_1,ct_2,ct_3,ct_4,ct_5
0.11428571428571432,0.2857142857142857,0.8333333333333334,0.8333333333333334,1.0,1.0
