ct_0,ct_1,ct_2,ct_3,ct_4,ct_5
0.12247698902315202,0.134225398128688,0.0988888717888,0.117624927850432,0.133526629932208,0.13306697728
