ct_0,ct_1,ct_2,ct_3,ct_4,ct_5,ct_6,ct_7
0.1322288645452,0.014183452136752,0.004897134304432,0.006351639988912,0.006281989418032,0.010878500295088,0.0061108901872,0.004986287507392001
