ct_0,ct_1,ct_2,ct_3,ct_4,ct_5
0.013556413284352,0.12214908382724801,0.11982102204011201,0.11982102204011201,0.12214908382724801,0.12847954058080002
