ct_0,ct_1,ct_2,ct_3,ct_4,ct_5,ct_6,ct_7
0.8571428571428572,1.0,0.8333333333333334,1.0,0.25,1.0,1.0,0.08333333333333337
