ct_0,ct_1,ct_2,ct_3,ct_4,ct_5,ct_6
0.136084578997552,0.081100685033728,0.15150428685879996,0.17278519002999998,0.14113071385835202,0.166710267800512,0.17404939519532797
