ct_0,ct_1,ct_2,ct_3,ct_4,ct_5,ct_6,ct_7,ct_8
0.017173083064768,0.10790685411884798,0.11580162411155201,0.112133547395008,0.129673891724848,0.12201702209324802,0.128816152556848,0.128612361511168,0.127976604633088
