ct_0,ct_1,ct_2,ct_3,ct_4,ct_5,ct_6
0.06645473669939199,0.097325939638528,0.145724769186352,0.127842347177008,0.1502382084172,0.1507820189452,0.1324572517888
