ct_0,ct_1,ct_2,ct_3,ct_4
0.014411380207552,0.11799023159723199,0.12007480426820799,0.120382753251328,0.12007480426820799
