ct_0,ct_1,ct_2,ct_3,ct_4
0.126524729257648,0.013499344871872,0.003753814109632,0.0073372066288000005,0.007104937075648
