ct_0,ct_1,ct_2,ct_3,ct_4
0.013499344871872,0.1029584994028,0.118970643809968,0.11283821260907201,0.11322660992747201
