ct_0,ct_1,ct_2,ct_3,ct_4,ct_5,ct_6
0.014396848605232,0.119269992456448,0.125810692104112,0.121487088836032,0.12608826448479998,0.12145809727211199,0.12375370592051202
