ct_0,ct_1,ct_2,ct_3
0.013091865956800001,0.075951850599088,0.086962985510848,0.08074357822355199
