ct_0,ct_1,ct_2,ct_3
0.7142857142857143,0.5,0.33333333333333337,1.0
