ct_0,ct_1,ct_2,ct_3,ct_4
0.7777777777777778,0.8571428571428572,0.8333333333333334,0.5,1.0
