ct_0,ct_1,ct_2,ct_3,ct_4
0.084836590867888,0.063336280867072,0.09648730990916801,0.11377316735180801,0.114089867763712
