ct_0,ct_1,ct_2,ct_3
0.047114114051248,0.047165770037248006,0.09038026925828799,0.09038026925828799
