ct_0,ct_1,ct_2,ct_3
0.6428571428571428,0.8888888888888888,0.25,0.25
