ct_0,ct_1,ct_2,ct_3,ct_4
0.016460542724272,0.12044273999660798,0.12868102344299198,0.129007765215232,0.11231715786884802
