ct_0,ct_1,ct_2,ct_3,ct_4,ct_5,ct_6
0.093781992637888,0.025893206222848002,0.103388375928832,0.11335688950724798,0.11335688950724798,0.097945659271168,0.09020938262732801
