ct_0,ct_1
0.012279078457648,0.127280793393088
