ct_0,ct_1
0.128930661020608,0.010906780892848
