ct_0,ct_1
0.11307130276652802,0.0151403370028
