ct_0,ct_1
0.032133194097712,0.112260733271728
