ct_0,ct_1,ct_2,ct_3,ct_4,ct_5
0.11419318182788799,0.07833217466924801,0.101940255916288,0.08718921623680001,0.1202644464172,0.133222957695232
