ct_0,ct_1,ct_2,ct_3,ct_4,ct_5,ct_6
0.107199741372352,0.014983431779248,0.014004088447408,0.0269686029292,0.005223431686192,0.007517146662448,0.004424081324848
