ct_0,ct_1,ct_2,ct_3,ct_4,ct_5,ct_6
0.018361346910208,0.108357222112432,0.11710714295219199,0.126433177059328,0.12678342188804798,0.12049019146283199,0.125877156755632
