ct_0,ct_1,ct_2
0.048855064758208,0.066307486234048,0.115564997067712
