ct_0,ct_1,ct_2
0.003779197649152,0.090935740480048,0.090935740480048
