ct_0,ct_1,ct_2
0.106509883512832,0.005217473529087999,0.005217473529087999
