ct_0,ct_1,ct_2,ct_3,ct_4,ct_5
0.072746747083312,0.038085177557248,0.006553863122992,0.004956561975472,0.006553863122992,0.0040625245168
