ct_0,ct_1,ct_2,ct_3
0.135232821757888,0.012212934649792,0.0050695604800000005,0.050948693186992
