ct_0,ct_1,ct_2,ct_3
0.050406986971312004,0.12327775854827201,0.133509092728768,0.129582093735088
