ct_0,ct_1,ct_2,ct_3,ct_4,ct_5,ct_6
0.8571428571428572,1.0,0.25,0.8571428571428572,1.0,1.0,1.0
