ct_0,ct_1,ct_2,ct_3,ct_4,ct_5,ct_6
0.11950650562436801,0.003940301669632,0.010394777361328001,0.017035171845568,0.0084925232368,0.004479833137408001,0.003777030534832
