ct_0,ct_1,ct_2,ct_3,ct_4,ct_5,ct_6
0.013506393147568,0.11364165454739199,0.11271506685280001,0.09591657531827201,0.106037586239488,0.11271506685280001,0.113923455301168
