ct_0,ct_1,ct_2,ct_3,ct_4,ct_5,ct_6
0.0143508987052,0.09141570492164801,0.09841740439480001,0.10666939089515198,0.106628591194288,0.09841740439480001,0.09141570492164801
