ct_0,ct_1,ct_2,ct_3,ct_4
0.011445656671168,0.11703100146999998,0.11924607839027199,0.119251513258432,0.119221079109568
