ct_0,ct_1,ct_2,ct_3,ct_4
0.025172855510272,0.121775495488432,0.13533399808000002,0.12573371943519998,0.121775495488432
