ct_0,ct_1,ct_2,ct_3,ct_4
0.1256479062892,0.015724742410672,0.007686469532607999,0.013293435148288001,0.015724742410672
