ct_0,ct_1,ct_2,ct_3,ct_4,ct_5,ct_6
0.023854555891887997,0.0864285028972,0.10033641041963201,0.088142185590208,0.10033641041963201,0.088142185590208,0.099620212380928
