ct_0,ct_1,ct_2,ct_3,ct_4,ct_5,ct_6
0.017790196777648,0.11566984523243201,0.1279554320752,0.127898049573808,0.1279554320752,0.11777533119692801,0.122987555809072
