ct_0,ct_1,ct_2,ct_3,ct_4
0.031100074260928003,0.132181513083952,0.151263782800432,0.13625607460480002,0.135560322824128
