ct_0,ct_1,ct_2,ct_3,ct_4,ct_5,ct_6
0.030425182475199996,0.128533109520832,0.123997707322288,0.132444277853488,0.140813370229552,0.143298484099072,0.145481290459072
