ct_0,ct_1
0.029415403300912,0.11342792421779202
