ct_0,ct_1
0.135232821757888,0.012212934649792
