ct_0,ct_1
0.062038594768048,0.060865108073008004
