ct_0,ct_1,ct_2,ct_3,ct_4,ct_5,ct_6
0.016242809362431998,0.123676630127872,0.123676630127872,0.12674843745279998,0.13831153271684798,0.135668415563008,0.13831153271684798
