ct_0,ct_1,ct_2,ct_3,ct_4,ct_5,ct_6
1.0,0.8333333333333334,0.8333333333333334,0.6666666666666667,0.08333333333333337,0.5,1.0
