ct_0,ct_1,ct_2
0.124620871550128,0.032763093450927996,0.122030171219392
