ct_0,ct_1,ct_2
0.0141466828912,0.097207222363072,0.015745222200112
