ct_0,ct_1,ct_2,ct_3,ct_4
0.050831650827952,0.1201336475308,0.0967996825072,0.12625956994667198,0.12314746729772799
