ct_0,ct_1,ct_2,ct_3
0.114119306316592,0.06305647232204799,0.096851861023408,0.14240270197355198
