ct_0,ct_1,ct_2,ct_3,ct_4,ct_5,ct_6
0.017274535954432,0.12100931152,0.124990326757312,0.12102242245043199,0.13350569852723201,0.129273845072128,0.1334853339712
