ct_0,ct_1,ct_2,ct_3,ct_4,ct_5,ct_6
0.0157056307468,0.13355718059204802,0.1475271914992,0.1475271914992,0.1488200713072,0.146742344961712,0.142546931335168
