ct_0,ct_1,ct_2,ct_3,ct_4,ct_5,ct_6,ct_7
0.7142857142857143,0.8333333333333334,0.16666666666666663,1.0,1.0,0.5555555555555556,0.5,1.0
