ct_0,ct_1,ct_2,ct_3,ct_4
0.117807259921072,0.118664504158768,0.06630432542123199,0.11293473565484799,0.120048654941872
