ct_0,ct_1,ct_2,ct_3,ct_4
0.017621211028912,0.11705692004612799,0.11401333975787198,0.11705692004612799,0.119173802859952
