ct_0,ct_1,ct_2,ct_3,ct_4
0.1051086432112,0.021778900946367998,0.025445696468992,0.014304627095488002,0.006490432447791999
