ct_0,ct_1,ct_2,ct_3
0.047859677479168,0.109530515280832,0.068919994647808,0.11160776731883201
