ct_0,ct_1,ct_2,ct_3
0.5714285714285714,0.5714285714285714,0.5333333333333333,0.5
