ct_0,ct_1,ct_2,ct_3,ct_4,ct_5,ct_6
0.0871353350512,0.07935707392,0.068355030570928,0.09404181790720001,0.10643198945732801,0.120308602273792,0.120308602273792
