ct_0,ct_1,ct_2,ct_3,ct_4,ct_5
0.13083175120076798,0.12338939681324801,0.11496986810771201,0.125527249379248,0.142281104393392,0.1287167551468
