ct_0,ct_1,ct_2,ct_3
0.074417015893552,0.011623810616368,0.03029904187,0.011637703283632
