ct_0,ct_1,ct_2,ct_3
0.75,0.8571428571428572,0.6666666666666667,0.5714285714285714
