ct_0,ct_1,ct_2,ct_3
0.059826288660928005,0.11484378124907198,0.101266037315008,0.11925096976772798
