ct_0,ct_1,ct_2,ct_3,ct_4,ct_5
0.10896625182515199,0.014641056129328001,0.017272809940912,0.0051698195007999995,0.006223451987391999,0.006223451987391999
