ct_0,ct_1,ct_2,ct_3,ct_4,ct_5
0.040139363773888,0.114151424082352,0.10677141314483199,0.126585777124528,0.124733489557552,0.124733489557552
