ct_0,ct_1,ct_2
0.02369999923,0.057530120733952,0.031892839239472
