ct_0,ct_1,ct_2
0.106834212397312,0.06711668771588801,0.09945765270419199
