ct_0,ct_1,ct_2,ct_3,ct_4,ct_5,ct_6
0.9375,0.7619047619047619,0.25,0.41666666666666663,1.0,1.0,1.0
