ct_0,ct_1,ct_2,ct_3,ct_4,ct_5,ct_6
0.11782295480319999,0.087757563374512,0.133777332938752,0.12441891171947199,0.13562631257747199,0.148549984346032,0.14089700818067202
