ct_0,ct_1,ct_2,ct_3,ct_4,ct_5,ct_6
0.08318727618539198,0.034791369568432,0.026767069566207998,0.016665220433968,0.007415796827392001,0.011582803062448,0.009757078075311999
