ct_0,ct_1,ct_2,ct_3,ct_4,ct_5,ct_6
0.3928571428571429,1.0,0.33333333333333337,0.11111111111111116,1.0,0.75,1.0
