ct_0,ct_1,ct_2,ct_3,ct_4,ct_5,ct_6
0.159432624296368,0.16922821716779202,0.210740246070208,0.226104337214512,0.219730495512832,0.21556630803788798,0.214784695963312
