ct_0,ct_1,ct_2
0.114343124730928,0.0357756528112,0.12393104450963202
