ct_0,ct_1,ct_2
0.015820341372591997,0.089119129918912,0.009926961595648
