ct_0,ct_1,ct_2,ct_3
0.048183860694832006,0.080107151607232,0.075136922921392,0.073085017651648
