ct_0,ct_1,ct_2,ct_3,ct_4,ct_5,ct_6
0.07603405065548799,0.063174502842928,0.11020735040516799,0.119729031497728,0.121138257283072,0.11967896417920001,0.11967896417920001
