ct_0,ct_1,ct_2,ct_3,ct_4,ct_5,ct_6
0.05843036619980801,0.0459166100992,0.011691965436208,0.004626040405552,0.005142866195392001,0.017818265552128,0.017818265552128
