ct_0,ct_1
0.015808387797951996,0.10749645358719997
