ct_0,ct_1,ct_2
0.11653353517508801,0.0063177592606720005,0.0090095915248
