ct_0,ct_1,ct_2
0.008912149141552,0.12093174869804799,0.125486301781168
