ct_0,ct_1,ct_2
0.049668247750192,0.12476385840947202,0.135020894992432
