ct_0,ct_1,ct_2,ct_3
0.13310935675000002,0.010909083083199999,0.0036705845067999997,0.0095760407212
