ct_0,ct_1,ct_2
0.07019062092620801,0.10952470940920002,0.14523854531372798
