ct_0,ct_1,ct_2
0.9642857142857143,0.5,0.05555555555555558
