ct_0,ct_1,ct_2
0.0606808408588,0.046128637157632005,0.040228215654832
