ct_0,ct_1,ct_2
0.007161048184768001,0.13310935675000002,0.13310935675000002
