ct_0,ct_1,ct_2,ct_3,ct_4,ct_5,ct_6
0.015180102006208,0.12169666604996801,0.12526338641919998,0.123520878632752,0.123520878632752,0.12391837449668801,0.123520878632752
