ct_0,ct_1,ct_2,ct_3,ct_4,ct_5,ct_6
0.9523809523809523,0.5,0.125,0.16666666666666663,0.5,1.0,1.0
