ct_0,ct_1,ct_2,ct_3,ct_4
0.029720794089471998,0.11442562220075199,0.09836291478860801,0.116611182163888,0.120972166586368
