ct_0,ct_1,ct_2,ct_3,ct_4
0.7857142857142857,1.0,0.2666666666666667,1.0,1.0
