ct_0,ct_1,ct_2,ct_3,ct_4
0.055527977908672005,0.042702412403968,0.07995400775108799,0.089072766492928,0.07995400775108799
