ct_0,ct_1,ct_2,ct_3,ct_4
0.1168177887808,0.11716817653931201,0.066508962445312,0.11165823528755199,0.11956960341419201
