ct_0,ct_1,ct_2,ct_3,ct_4,ct_5
0.045640006516671994,0.071077941112768,0.112277766089392,0.117617896234672,0.086945854334128,0.1153639955968
