ct_0,ct_1,ct_2
0.11950650562436801,0.004302395712448,0.017035171845568
