ct_0,ct_1,ct_2
0.043350105253552,0.122433652731328,0.11142402358148801
