ct_0,ct_1,ct_2,ct_3,ct_4
0.09650704495436799,0.081693410910208,0.067869558665152,0.10067846683436799,0.129732117124912
