ct_0,ct_1,ct_2,ct_3,ct_4
0.025330008323248,0.036680297914672005,0.048618034971568004,0.026132847414208002,0.007935931859200001
