ct_0,ct_1,ct_2,ct_3
0.13062907031531198,0.019221930801088,0.016192112121088,0.016464317553087998
