ct_0,ct_1,ct_2
0.019343098085632,0.12533859775283201,0.144535662850048
