ct_0,ct_1,ct_2,ct_3,ct_4,ct_5,ct_6
0.021872281292799996,0.092811461555248,0.092811461555248,0.105591538854448,0.11075471354219202,0.11231396376452801,0.111305123256112
