ct_0,ct_1,ct_2,ct_3,ct_4,ct_5,ct_6
0.090802229302528,0.06057026490515201,0.10903686241120002,0.096851354391808,0.112784897098672,0.127083429143728,0.12414540222519999
