ct_0,ct_1,ct_2,ct_3,ct_4,ct_5,ct_6
0.011063426278192,0.118732330552768,0.127255213293568,0.1137186313072,0.127169032938928,0.131467472095408,0.1314911010508
