ct_0,ct_1,ct_2,ct_3
0.0625591850992,0.062927376376768,0.11045127343436799,0.12150678260319998
