ct_0,ct_1,ct_2,ct_3,ct_4,ct_5
0.093119437053232,0.082739640789808,0.07207944513740801,0.120660961743808,0.124496702211328,0.0972432384172
