ct_0,ct_1,ct_2,ct_3,ct_4,ct_5
1.0,0.9285714285714286,0.8333333333333334,0.4,0.6666666666666667,0.875
