ct_0,ct_1,ct_2,ct_3
0.0379269148912,0.068045070370048,0.08443374966404799,0.08443374966404799
