ct_0,ct_1
0.034199774738368,0.122040033390592
