ct_0,ct_1,ct_2,ct_3,ct_4,ct_5,ct_6
0.0378580630732,0.06754570068356801,0.07005252585860801,0.07005252585860801,0.105705729417472,0.10671647400491201,0.105705729417472
