ct_0,ct_1,ct_2,ct_3,ct_4,ct_5
0.0155487446188,0.12292987374995201,0.11332698472772798,0.12041329065164799,0.12041329065164799,0.12060257388280002
