ct_0,ct_1
0.118411766337328,0.093402202838272
