ct_0,ct_1
0.013319575,0.097248818758912
