ct_0,ct_1,ct_2,ct_3,ct_4,ct_5
0.023854555891887997,0.098904685120432,0.11341243414340801,0.100693860713728,0.11341243414340801,0.100693860713728
