ct_0,ct_1,ct_2,ct_3,ct_4,ct_5
0.06800822952107201,0.03585303366827201,0.100558421262592,0.10809333563588798,0.10809333563588798,0.110118504365872
