ct_0,ct_1,ct_2,ct_3,ct_4,ct_5
0.015601247008432,0.1349050395148,0.151902675489328,0.153354866894512,0.151458663076288,0.15349179544043198
