ct_0,ct_1,ct_2,ct_3
0.06062796907000001,0.0472083447148,0.016300380516352,0.009218660225200001
