ct_0,ct_1,ct_2,ct_3
0.051272802066688,0.064956731098048,0.12205975857279999,0.12205975857279999
