ct_0,ct_1,ct_2
0.007749266803648,0.118818625233328,0.11864171752043201
