ct_0,ct_1,ct_2,ct_3,ct_4,ct_5
0.0174710973868,0.1329737595532,0.136862919054592,0.143843337262528,0.141152071812352,0.139490278161712
