ct_0,ct_1,ct_2,ct_3,ct_4,ct_5
0.010725041636800001,0.009693554348032,0.009693554348032,0.038074937440192004,0.0185364571372,0.010358099031472001
