ct_0,ct_1,ct_2,ct_3,ct_4,ct_5
0.068575568926768,0.070017670378672,0.070017670378672,0.036527964139312,0.058282102981888004,0.069086224863232
