ct_0,ct_1,ct_2,ct_3,ct_4
0.9285714285714286,1.0,0.16666666666666663,0.5,1.0
