ct_0,ct_1,ct_2,ct_3,ct_4
0.015168205252528,0.130236941817088,0.140343029213488,0.143198657467648,0.140343029213488
