ct_0,ct_1
0.1159501391728,0.026878304651199995
