ct_0,ct_1
0.09765900609971201,0.079619881596928
