ct_0,ct_1,ct_2,ct_3,ct_4,ct_5,ct_6
0.024959443479999996,0.11054179916267201,0.10937115567923199,0.12370305420620799,0.12370305420620799,0.12376636999172802,0.12370305420620799
