ct_0,ct_1,ct_2,ct_3,ct_4
0.019085478961407998,0.12249235001579198,0.142224371895472,0.14231526367436803,0.14231526367436803
