ct_0,ct_1,ct_2,ct_3,ct_4,ct_5
0.09338467836011201,0.084602094004672,0.0768094381888,0.084169072660912,0.09361959429932801,0.095431131924928
