ct_0,ct_1,ct_2,ct_3
0.0803129146828,0.016780744491568002,0.011613888215728,0.014781289653808
