ct_0,ct_1,ct_2,ct_3
0.11227404008492801,0.1939190123788,0.22054332727340797,0.21680455531724802
