ct_0,ct_1,ct_2
0.0125693180908,0.12093120254276801,0.12817724865740798
