ct_0,ct_1,ct_2,ct_3,ct_4,ct_5,ct_6,ct_7,ct_8,ct_9
0.11700562479308801,0.014656291730368,0.014657984682928,0.014657984682928,0.008488653581248,0.004899948595648,0.004374581981632,0.0057691352589280005,0.0061836001791999995,0.004911206460352
