ct_0,ct_1,ct_2,ct_3,ct_4,ct_5
0.0232621084672,0.11595982722380802,0.10834617867308799,0.1251113535052,0.12531979342124797,0.10834617867308799
