ct_0,ct_1,ct_2,ct_3,ct_4
0.114937671182272,0.115431699170752,0.101899039752448,0.086573635292608,0.097005410190592
