ct_0,ct_1,ct_2,ct_3,ct_4
0.08318727618539198,0.034791369568432,0.020140604873151998,0.026767069566207998,0.019241534675392
