ct_0,ct_1,ct_2,ct_3,ct_4,ct_5
0.036737750131648005,0.098192380455088,0.0911805905392,0.1082604735052,0.1082604735052,0.10956324123980801
