ct_0,ct_1,ct_2,ct_3,ct_4,ct_5
0.075309724434688,0.062011998065968,0.0775006939852,0.086028684171712,0.086028684171712,0.085058650290112
