ct_0,ct_1,ct_2,ct_3,ct_4,ct_5
0.125419357117888,0.119112951109552,0.10773465248147199,0.12043237790276798,0.13703191434880002,0.123144169414912
