ct_0,ct_1,ct_2,ct_3,ct_4,ct_5
0.026267853860799998,0.0322927335232,0.051612631168048005,0.02123903248,0.007952945105968,0.016174646510128
