ct_0,ct_1,ct_2,ct_3,ct_4,ct_5,ct_6,ct_7
1.0,1.0,0.33333333333333337,0.08333333333333337,0.08333333333333337,0.33333333333333337,0.19999999999999996,1.0
