ct_0,ct_1,ct_2,ct_3
0.010875541067008,0.127625747028928,0.127625747028928,0.129806592070912
