ct_0,ct_1,ct_2,ct_3
0.4285714285714286,0.19999999999999996,1.0,1.0
