ct_0,ct_1,ct_2,ct_3
0.04632360892,0.097893797382592,0.053188164867328004,0.09770218978667201
