ct_0,ct_1,ct_2,ct_3,ct_4,ct_5,ct_6,ct_7
0.7142857142857143,0.8571428571428572,0.11111111111111116,0.16666666666666663,1.0,0.375,0.5,1.0
