ct_0,ct_1,ct_2,ct_3,ct_4
0.12090771868307199,0.063653035314112,0.094258683455488,0.140001010438192,0.140001010438192
