ct_0,ct_1,ct_2,ct_3,ct_4,ct_5,ct_6
0.086859725031088,0.1079084295628,0.117919304824768,0.11831744452868799,0.118357013136832,0.11614126075,0.11614126075
