ct_0,ct_1,ct_2,ct_3,ct_4,ct_5,ct_6
0.047109568970752004,0.0099034704448,0.007212400536112001,0.0037036832174079997,0.003681100781872,0.0049568748351999994,0.0049568748351999994
