ct_0,ct_1,ct_2
0.121004941320448,0.013812857279152,0.008426111414271999
