ct_0,ct_1,ct_2
0.008426111414271999,0.11704126066835199,0.11704126066835199
