ct_0,ct_1,ct_2
0.9761904761904762,0.5555555555555556,1.0
