ct_0,ct_1,ct_2
0.016545673346991998,0.10419489967436801,0.10419489967436801
