ct_0,ct_1,ct_2,ct_3,ct_4
0.035885318207488005,0.065919023904688,0.061226586040768,0.073085017651648,0.073085017651648
