ct_0,ct_1,ct_2,ct_3
0.017321146484272,0.12290790213779199,0.126743439956272,0.12290790213779199
