ct_0,ct_1,ct_2,ct_3
0.12290790213779199,0.017321146484272,0.014943725305792,0.017321146484272
