ct_0,ct_1,ct_2,ct_3
0.045770461971712,0.007285799887792,0.034152011081152,0.0071352209978080006
