ct_0,ct_1,ct_2,ct_3
0.06147717951083201,0.096155553285808,0.057917539409200004,0.093867237922048
