ct_0,ct_1,ct_2,ct_3,ct_4,ct_5,ct_6,ct_7,ct_8
0.45238095238095233,1.0,1.0,1.0,0.25,0.25,0.33333333333333337,0.5,0.5
