ct_0,ct_1,ct_2,ct_3,ct_4,ct_5,ct_6
0.101955198141232,0.046159063,0.078394275806128,0.080494940980672,0.11080081040588802,0.104080739780608,0.111152315110192
