ct_0,ct_1,ct_2,ct_3,ct_4,ct_5,ct_6
0.024052315479999996,0.057560532839872,0.028210725756592,0.030954898151871996,0.006024330115072,0.017813413753791998,0.018104821392832
