ct_0,ct_1,ct_2,ct_3,ct_4,ct_5,ct_6
0.05048008404280001,0.065709943945648,0.10711015307972799,0.108083877614512,0.108083877614512,0.108083877614512,0.111359259992752
