ct_0,ct_1,ct_2,ct_3,ct_4,ct_5,ct_6
0.060436853302192006,0.048020665495552,0.022725772009648,0.0205643465548,0.0205643465548,0.007021776123952,0.0065970157228
