ct_0,ct_1,ct_2,ct_3,ct_4,ct_5,ct_6
0.8571428571428572,0.8333333333333334,0.2222222222222222,0.25,0.25,1.0,0.5
