ct_0,ct_1,ct_2,ct_3,ct_4,ct_5,ct_6,ct_7,ct_8,ct_9,ct_10
0.5714285714285714,1.0,1.0,0.19444444444444442,0.75,1.0,1.0,1.0,1.0,1.0,1.0
