ct_0,ct_1,ct_2,ct_3,ct_4,ct_5,ct_6
0.022367257196992,0.124529257940272,0.130386114063808,0.130386114063808,0.137108443867072,0.12909103386999998,0.137108443867072
