ct_0,ct_1,ct_2
0.024052315479999996,0.057560532839872,0.028210725756592
