ct_0,ct_1,ct_2
0.103235704040752,0.063734748254512,0.099661633052848
