ct_0,ct_1,ct_2,ct_3,ct_4,ct_5
0.029650672096431997,0.12947912853035198,0.13956443008,0.129244208848432,0.138765612319792,0.12947912853035198
