ct_0,ct_1,ct_2,ct_3,ct_4,ct_5,ct_6
0.13191386655155202,0.012258134756800002,0.005121872118448,0.008335901704192,0.004921214391232,0.0036888339742719998,0.0037804360192
