ct_0,ct_1,ct_2,ct_3,ct_4,ct_5,ct_6
0.015103641343408003,0.129282792333568,0.141854077992112,0.136047555339712,0.142224950756608,0.144525181584832,0.14435286315308798
