ct_0,ct_1,ct_2,ct_3,ct_4,ct_5
0.33333333333333337,0.6666666666666667,0.7333333333333334,1.0,1.0,1.0
