ct_0,ct_1,ct_2,ct_3,ct_4,ct_5
0.087858211489792,0.12775268447123198,0.054157170008752004,0.127678632171568,0.13006709452715198,0.12162551597252799
