ct_0,ct_1
0.12120438796676801,0.0112647853168
