ct_0,ct_1
0.010990673718208001,0.118908742357168
