ct_0,ct_1
0.9523809523809523,0.7142857142857143
