ct_0,ct_1,ct_2,ct_3,ct_4,ct_5,ct_6
0.0025,0.088932736135168,0.08619898783480001,0.042469930325248,0.042469930325248,0.092010067041328,0.10676984332292801
