ct_0,ct_1,ct_2,ct_3,ct_4,ct_5
0.128901611534272,0.015597496158208003,0.004031180495152,0.006117527029552001,0.014535132467199998,0.005805376934848
