ct_0,ct_1,ct_2,ct_3,ct_4,ct_5
0.38095238095238093,0.33333333333333337,1.0,1.0,1.0,1.0
