ct_0,ct_1,ct_2,ct_3,ct_4,ct_5
0.071758244081968,0.127239643693312,0.1323218940928,0.128584453893568,0.11451028375787202,0.12913686775556799
