ct_0,ct_1,ct_2,ct_3
0.05843036619980801,0.0459166100992,0.020858272810432,0.020858272810432
