ct_0,ct_1,ct_2,ct_3,ct_4
0.012134205005488001,0.121676961489712,0.11236347587680001,0.12393049362999999,0.124169105318848
