ct_0,ct_1,ct_2
0.011717781199792,0.12164248120364801,0.123749301133312
