ct_0,ct_1,ct_2
0.11270494003307199,0.006358924053952,0.009310829258032
