ct_0,ct_1,ct_2,ct_3,ct_4,ct_5,ct_6,ct_7,ct_8,ct_9,ct_10,ct_11,ct_12,ct_13,ct_14
0.25,0.5714285714285714,0.6111111111111112,0.3571428571428571,1.0,1.0,0.16666666666666663,0.5,1.0,1.0,0.5,1.0,0.5,1.0,1.0
