ct_0,ct_1,ct_2,ct_3
0.09000099071915199,0.032295781097728,0.113606913962032,0.11792904960947201
