ct_0,ct_1,ct_2,ct_3,ct_4,ct_5,ct_6
0.07102544001971199,0.07220387814596799,0.07220387814596799,0.059817509407168,0.073635861147568,0.070477153739008,0.079260015968512
