ct_0,ct_1,ct_2,ct_3,ct_4,ct_5,ct_6
0.013158128243968,0.0095581468672,0.0095581468672,0.0188223937612,0.008558326416832,0.0107825254828,0.004763379921712
