ct_0,ct_1,ct_2
0.12053001210668801,0.016309292516799998,0.007571854074111999
