ct_0,ct_1,ct_2
0.058451305523200006,0.13480568234079998,0.152556235871488
