ct_0,ct_1,ct_2
0.5714285714285714,1.0,0.6666666666666667
