ct_0,ct_1
0.024994020842799995,0.12234973828523199
