ct_0,ct_1
0.11421352724920002,0.005043257147392
