ct_0,ct_1,ct_2,ct_3
0.12628119688748798,0.009588730674111999,0.0036582136972,0.019122203067568
