ct_0,ct_1,ct_2,ct_3,ct_4,ct_5
0.01739506507,0.11507077194899198,0.119529893966272,0.11932706687300801,0.119529893966272,0.12229874134835199
