ct_0,ct_1,ct_2,ct_3,ct_4,ct_5
0.10912119388000001,0.024195644619712,0.026559543519232,0.010929475760128,0.009695508434368,0.003717606190768
