ct_0,ct_1,ct_2,ct_3,ct_4,ct_5
0.099690272881072,0.11036077297028801,0.088438257878272,0.103834919209408,0.128070781911088,0.128070781911088
