ct_0,ct_1,ct_2,ct_3
0.057523604404912006,0.061222168895488,0.104059987929088,0.113965184337712
