ct_0,ct_1,ct_2,ct_3
0.8214285714285714,0.8888888888888888,0.8333333333333334,1.0
