ct_0,ct_1,ct_2,ct_3
0.0125693180908,0.11726920325939201,0.12443877148868801,0.12443877148868801
