ct_0,ct_1,ct_2
0.015724742410672,0.095284949291008,0.098930192243632
