ct_0,ct_1,ct_2,ct_3
0.012086061008127999,0.1105105622848,0.122241721366528,0.1026175063372
