ct_0,ct_1,ct_2,ct_3
0.11544298443332798,0.013630639550128,0.005051398003648,0.020051499305391997
