ct_0,ct_1,ct_2
0.025668192709167998,0.05634173397803201,0.031706346056128
