ct_0,ct_1,ct_2
0.105462277199152,0.06808737611320001,0.100552779258928
