ct_0,ct_1,ct_2,ct_3,ct_4,ct_5,ct_6
0.010353515002288,0.11471023489580799,0.11453547205427199,0.11697323180876801,0.11453547205427199,0.11696297467883199,0.11696297467883199
