ct_0,ct_1,ct_2,ct_3,ct_4
0.0748262701708,0.135608676246448,0.12272229720908798,0.12272229720908798,0.13099015643027198
