ct_0,ct_1,ct_2,ct_3,ct_4
0.058669978532272,0.10875609277316801,0.11138845510067201,0.11138845510067201,0.106237077042112
