ct_0,ct_1,ct_2,ct_3,ct_4
0.13056621159659199,0.0060398050731999995,0.004477963913152,0.004477963913152,0.007566734180608001
