ct_0,ct_1,ct_2,ct_3,ct_4,ct_5,ct_6
0.0917177099632,0.038954556117952004,0.126234062936368,0.12635606952260797,0.12449559867999999,0.126234062936368,0.12883905134483198
