ct_0,ct_1,ct_2,ct_3
0.128930661020608,0.010906780892848,0.007899024670000001,0.007827168688432
