ct_0,ct_1,ct_2,ct_3
0.017559623997232,0.11749675902020801,0.127732081921072,0.125480768684848
