ct_0,ct_1,ct_2
0.082855819405312,0.095811546833152,0.096226323796528
