ct_0,ct_1,ct_2
0.11201226125919998,0.007162961535232,0.006988337170432001
