ct_0,ct_1,ct_2,ct_3,ct_4,ct_5,ct_6
0.05992420075,0.046080541087792,0.004585494832432,0.0316539679552,0.007748625847551999,0.0059624510272,0.0059624510272
