ct_0,ct_1,ct_2,ct_3,ct_4,ct_5,ct_6
0.067398678949552,0.066040321388992,0.115274282633008,0.080014109678512,0.10994352786764801,0.11292513541043202,0.11292513541043202
