ct_0,ct_1,ct_2,ct_3,ct_4
0.049251849727407995,0.11725083251756799,0.077667060415408,0.1279916490508,0.1279916490508
