ct_0,ct_1,ct_2,ct_3,ct_4
0.029358510479151997,0.06559421893043199,0.050869534929711996,0.067838652841408,0.06800777473120001
