ct_0,ct_1
0.017735461654192,0.140614442616832
