ct_0,ct_1
0.128930661020608,0.01004383132
