ct_0,ct_1,ct_2,ct_3,ct_4
0.014378264000512,0.132199551017008,0.13657705559684802,0.139427633871808,0.139427633871808
