ct_0,ct_1,ct_2,ct_3,ct_4
0.9523809523809523,0.7142857142857143,1.0,1.0,1.0
