ct_0,ct_1,ct_2,ct_3
0.0190564561708,0.12557816380139203,0.150098236554688,0.150098236554688
