ct_0,ct_1,ct_2,ct_3
1.0,1.0,0.16666666666666663,0.16666666666666663
