ct_0,ct_1,ct_2,ct_3,ct_4,ct_5,ct_6
0.0163864399948,0.12557816380139203,0.14557119076556801,0.14557119076556801,0.1298295535948,0.142125978060592,0.14668847660651202
