ct_0,ct_1,ct_2,ct_3,ct_4
0.075846203692288,0.063116148096448,0.09275250366519999,0.10319741848196799,0.1013781326848
