ct_0,ct_1
0.032352933358528,0.011476708119808
