ct_0,ct_1
0.040775419506688004,0.065721204288448
