ct_0,ct_1,ct_2,ct_3
0.045150963106048,0.006887441167792,0.032786015526448,0.007175399071408
