ct_0,ct_1,ct_2,ct_3
0.063565103450032,0.10658884269572799,0.0922683057388,0.10611642748292799
