ct_0,ct_1,ct_2,ct_3,ct_4,ct_5,ct_6
0.096187903418032,0.0737531589868,0.13663124458028802,0.14248842220484803,0.142857582733312,0.134015742820528,0.129528928699648
