ct_0,ct_1,ct_2,ct_3,ct_4,ct_5,ct_6
0.128930661020608,0.081840357564352,0.008550260368431999,0.006693214640128,0.005108087073328001,0.01004383132,0.012673991864752
