ct_0,ct_1,ct_2,ct_3
0.015820341372591997,0.089119129918912,0.009926961595648,0.011077915987888
