ct_0,ct_1,ct_2,ct_3
0.11329281115460801,0.053511524187567994,0.11530436333675201,0.11550317893547199
