ct_0,ct_1,ct_2,ct_3,ct_4,ct_5
0.023780507835327997,0.05742544857668801,0.030432339624111997,0.03230606707,0.0101434864588,0.011176094867632
