ct_0,ct_1,ct_2,ct_3,ct_4,ct_5
0.08320562194091201,0.065667609889072,0.0971519385868,0.10259117253779201,0.099000092828608,0.099364654716928
