ct_0,ct_1,ct_2,ct_3
0.09846273506099201,0.03661739548,0.126952283868208,0.129335921253808
