ct_0,ct_1,ct_2,ct_3
0.112822750221568,0.080718703986112,0.005137538972848001,0.003805515986992
