ct_0,ct_1,ct_2,ct_3
0.011864832593200002,0.11788411765508801,0.11565371260715199,0.12023610243524802
