ct_0,ct_1,ct_2,ct_3,ct_4,ct_5
0.10482248648319999,0.104224484285872,0.068947843924528,0.103824032915248,0.115673609623552,0.108871426200832
