ct_0,ct_1,ct_2,ct_3,ct_4,ct_5
0.7777777777777778,0.875,0.6666666666666667,0.6666666666666667,0.19999999999999996,0.33333333333333337
