ct_0,ct_1,ct_2
0.016309292516799998,0.09415223854719999,0.09415223854719999
