ct_0,ct_1,ct_2
0.7380952380952381,1.0,0.8571428571428572
