ct_0,ct_1,ct_2,ct_3,ct_4,ct_5
0.012378191960752,0.115859730862528,0.125197589611312,0.125008561012912,0.125216940343552,0.1108813631488
