ct_0,ct_1,ct_2,ct_3,ct_4,ct_5,ct_6
0.016676218522672,0.121232811650992,0.12625513381355202,0.13141796875,0.131599701320128,0.112706538983872,0.123354746644912
