ct_0,ct_1,ct_2,ct_3,ct_4
0.115221110875072,0.003776720950528,0.0090549402352,0.0063820460704480005,0.0051127863326079995
