ct_0,ct_1,ct_2,ct_3,ct_4
0.0117936040048,0.128929543689472,0.126599653097728,0.124311908905648,0.126540822680512
