ct_0,ct_1,ct_2,ct_3
0.004455535648192,0.021833425012911998,0.004198864802992,0.004198864802992
