ct_0,ct_1,ct_2,ct_3
0.0812123196172,0.060774718925248,0.0816079693552,0.0816079693552
