ct_0,ct_1,ct_2,ct_3
0.131815872184768,0.0122465008492,0.005202109194928,0.060564539346352
