ct_0,ct_1,ct_2,ct_3
0.0610292240332,0.1346978387968,0.145053669224752,0.11902658197119999
