ct_0,ct_1,ct_2,ct_3,ct_4
0.08702564568467201,0.021374701240768,0.092267806985152,0.08702564568467201,0.0795808246768
