ct_0,ct_1,ct_2,ct_3
0.10240483479812801,0.221068955615488,0.204927633101248,0.221586844677568
