ct_0,ct_1,ct_2,ct_3
0.5952380952380952,0.25,0.13888888888888884,1.0
