ct_0,ct_1,ct_2,ct_3,ct_4,ct_5
0.1166990958592,0.013560106806448,0.003725651372848,0.006340873077808,0.007296973361152001,0.0070055331568
