ct_0,ct_1,ct_2,ct_3,ct_4,ct_5
0.011226202234288002,0.12101422806059199,0.1295972052208,0.129606720183088,0.12329425457195199,0.12949815250628802
