ct_0,ct_1,ct_2,ct_3,ct_4,ct_5
1.0,0.625,1.0,0.33333333333333337,1.0,0.33333333333333337
