ct_0,ct_1,ct_2,ct_3,ct_4,ct_5,ct_6,ct_7,ct_8,ct_9
0.067113062996272,0.0308249527408,0.034843177553199996,0.037232531505088005,0.02440545307,0.00550098763,0.003888537026992,0.010366285219072,0.0051901954252,0.004353419119552
