ct_0,ct_1,ct_2,ct_3,ct_4,ct_5
0.017461763896768,0.11451885828279998,0.12381978436403199,0.123631493599168,0.12383905958699198,0.118086629140528
