ct_0,ct_1,ct_2,ct_3,ct_4,ct_5,ct_6
0.12120438796676801,0.0112647853168,0.012654984246208,0.010990673718208001,0.009082157589952001,0.007438489087407999,0.0037234853048320003
