ct_0,ct_1,ct_2,ct_3,ct_4,ct_5,ct_6
0.024743057354799997,0.114514035085312,0.10570103583812801,0.110408401644208,0.12052510246340799,0.118383033360832,0.12052510246340799
