ct_0,ct_1,ct_2,ct_3,ct_4,ct_5,ct_6,ct_7,ct_8,ct_9,ct_10,ct_11,ct_12
0.875,0.7142857142857143,0.4444444444444444,0.7142857142857143,1.0,0.8,0.8,1.0,1.0,1.0,1.0,1.0,1.0
