ct_0,ct_1,ct_2,ct_3,ct_4,ct_5,ct_6
0.0965060328688,0.082139302408192,0.063628928827648,0.075673506579712,0.098660436345088,0.10102039394099199,0.10471849429120002
