ct_0,ct_1,ct_2
0.009588730674111999,0.11610356618679998,0.10770631112319999
