ct_0,ct_1,ct_2
0.12628119688748798,0.009588730674111999,0.019122203067568
