ct_0,ct_1,ct_2
0.126524729257648,0.013499344871872,0.003753814109632
