ct_0,ct_1,ct_2
0.013499344871872,0.1029584994028,0.118970643809968
