ct_0,ct_1
0.024658767834928,0.10652295486443199
