ct_0,ct_1,ct_2,ct_3,ct_4,ct_5,ct_6,ct_7,ct_8
1.0,0.5714285714285714,0.5,0.6,0.5,0.08333333333333337,0.7222222222222222,1.0,1.0
