ct_0,ct_1,ct_2,ct_3,ct_4,ct_5,ct_6
0.122201703307312,0.054912919936047994,0.118756208655808,0.122201703307312,0.12146356719275199,0.1398462234352,0.13503566347
