ct_0,ct_1,ct_2,ct_3,ct_4
0.056504249034928,0.062218203863487996,0.101332878235648,0.11284514426003199,0.11196492929771201
