ct_0,ct_1,ct_2,ct_3,ct_4,ct_5,ct_6
0.2142857142857143,0.16666666666666663,1.0,1.0,0.1428571428571429,0.5,1.0
