ct_0,ct_1,ct_2,ct_3,ct_4,ct_5,ct_6
0.072914664924592,0.086317628175808,0.086867553861808,0.045229520142592,0.08875828882067202,0.0917799416332,0.081437168370112
