ct_0,ct_1,ct_2,ct_3,ct_4
0.8333333333333334,1.0,0.75,0.33333333333333337,0.5
