ct_0,ct_1,ct_2,ct_3,ct_4
0.025401892636672,0.126938394179008,0.11726866292919999,0.11824157240900801,0.12452373980843201
