ct_0,ct_1,ct_2,ct_3,ct_4,ct_5
0.102869598282928,0.016030897525168,0.018857652969471998,0.011105253403071998,0.007397582249392,0.012367212526527999
