ct_0,ct_1,ct_2,ct_3,ct_4,ct_5
0.027551810318272,0.10072926958724801,0.10072926958724801,0.11678595339371198,0.11912707644279999,0.115213055286832
