ct_0,ct_1,ct_2,ct_3
0.131815872184768,0.029446103770287994,0.0097486063468,0.0097486063468
