ct_0,ct_1,ct_2,ct_3
0.067439055514048,0.1942252968652,0.188266569247168,0.188266569247168
