ct_0,ct_1,ct_2,ct_3,ct_4,ct_5
0.116876071518208,0.007716902840368,0.044296268360128004,0.017626402197951998,0.012619977560368,0.004105675750192
