ct_0,ct_1,ct_2,ct_3,ct_4,ct_5
0.017251409167792,0.114672165228592,0.111238791474112,0.11658044475520002,0.106574199770032,0.118552213339072
