ct_0,ct_1,ct_2,ct_3,ct_4,ct_5,ct_6
0.011766117141807999,0.12176235600452798,0.124242429650992,0.12397291388972799,0.12644593747,0.12636272563,0.12176235600452798
