ct_0,ct_1,ct_2,ct_3
0.032082964887472,0.12085911762999998,0.09738024065079999,0.11237092996019199
