ct_0,ct_1,ct_2,ct_3,ct_4,ct_5,ct_6
0.023448281399728,0.11345303036420798,0.12873238888004798,0.128657576435632,0.128657576435632,0.12542986825259198,0.12430363684652801
