ct_0,ct_1,ct_2,ct_3,ct_4,ct_5,ct_6
0.10924034976563202,0.012781087187200002,0.0037835320048,0.010698115452928,0.003825026547712,0.013726759711408,0.015889009536447996
