ct_0,ct_1,ct_2,ct_3,ct_4,ct_5,ct_6
0.8809523809523809,1.0,1.0,0.19999999999999996,1.0,0.2857142857142857,0.2857142857142857
