ct_0,ct_1,ct_2,ct_3,ct_4
0.012378191960752,0.12032277696044799,0.12978251203307198,0.129591048613552,0.129802111942912
