ct_0,ct_1,ct_2,ct_3,ct_4,ct_5,ct_6
0.107345965982128,0.13263441992339203,0.135523919660992,0.10075544400716799,0.120647864540608,0.142519703217712,0.127491620753968
