ct_0,ct_1,ct_2,ct_3,ct_4,ct_5,ct_6
0.128901611534272,0.015597496158208003,0.011628441336112,0.044218904731648,0.019519079607231996,0.0038284335052,0.012327627835312
