ct_0,ct_1,ct_2,ct_3,ct_4,ct_5,ct_6
0.031131470216752,0.058504971625647995,0.015461513261872001,0.023733208336048,0.013074469355968,0.004587054007552,0.013108930276911998
