ct_0,ct_1,ct_2,ct_3,ct_4,ct_5,ct_6
0.105956676976048,0.06945196827443201,0.116292620105152,0.109806678736432,0.12012383962052799,0.134731323716272,0.122655327957952
