ct_0,ct_1,ct_2
0.10892199638348801,0.036178484829999996,0.119576675442688
