ct_0,ct_1,ct_2,ct_3,ct_4,ct_5,ct_6
0.010875541067008,0.12207236135876799,0.12207236135876799,0.12421927294763199,0.13460988426999998,0.13466378942079998,0.128494606040368
