ct_0,ct_1,ct_2,ct_3,ct_4,ct_5,ct_6
0.0250577363968,0.10852239326660801,0.12254118052652799,0.10852239326660801,0.12618582641555198,0.123684887438512,0.123684887438512
