ct_0,ct_1
0.10919605658444799,0.0168330374188
