ct_0,ct_1
0.017558932163632,0.10541538086891199
