ct_0,ct_1,ct_2,ct_3,ct_4
0.006942811820848001,0.09770625445508799,0.09770625445508799,0.09770625445508799,0.101936134051072
