ct_0,ct_1,ct_2,ct_3,ct_4
0.1159501391728,0.026878304651199995,0.012074774699968,0.012074774699968,0.0043409722433919995
