ct_0,ct_1
0.031617540719872,0.062498765874112
