ct_0,ct_1,ct_2
0.11993155217843199,0.010866663802672,0.025267273802799996
