ct_0,ct_1,ct_2
0.7619047619047619,0.8571428571428572,0.6666666666666667
