ct_0,ct_1,ct_2
0.027358030859199998,0.10715415820676802,0.09651767206148801
