ct_0,ct_1,ct_2,ct_3,ct_4
0.019074288746752,0.119451032690992,0.12086730833919998,0.129622952165632,0.127236863478832
