ct_0,ct_1,ct_2,ct_3,ct_4
0.9047619047619048,0.8571428571428572,1.0,1.0,1.0
