ct_0,ct_1,ct_2,ct_3,ct_4
0.018401710789887997,0.129433810729408,0.13773210857079998,0.1352402101132,0.1352402101132
