ct_0,ct_1,ct_2,ct_3,ct_4,ct_5
0.017256931629999996,0.11435223058835199,0.11625760208939201,0.11653730926719999,0.12107268562739201,0.116508735051568
