ct_0,ct_1,ct_2,ct_3,ct_4
0.11108813584480001,0.190579301901232,0.2110312379248,0.215455549702192,0.21733065431987203
