ct_0,ct_1,ct_2,ct_3,ct_4
0.0843600408172,0.017167908899248,0.006899849556928,0.018690860506048,0.027917455206831997
