ct_0,ct_1
0.19047619047619047,0.33333333333333337
