ct_0,ct_1
0.12958377275795196,0.126353850847792
