ct_0,ct_1
0.06428113593323201,0.03719451283
