ct_0,ct_1,ct_2,ct_3,ct_4,ct_5,ct_6
0.011635056943792,0.10843085477867201,0.112818484863232,0.11274011874692799,0.112818484863232,0.112724660969728,0.11271826486067202
