ct_0,ct_1,ct_2,ct_3,ct_4,ct_5,ct_6,ct_7,ct_8,ct_9,ct_10,ct_11
0.131815872184768,0.0122465008492,0.012190340588992,0.00797124508,0.00797124508,0.0038708743713280003,0.003724104177088,0.004442454562048,0.005535886823872,0.009597842219968,0.008547679346992,0.004036765913008
