ct_0,ct_1,ct_2,ct_3
0.08892928556267199,0.068162908163632,0.08441047102955199,0.097183890343168
