ct_0,ct_1,ct_2,ct_3
0.066972647697712,0.012415129690048,0.070209437275312,0.070209437275312
