ct_0,ct_1,ct_2,ct_3
0.007692555570352,0.07743266584619199,0.005440018203952001,0.005440018203952001
