ct_0,ct_1,ct_2,ct_3
0.104777245632688,0.056611074072831995,0.084462850756528,0.088749421510912
