ct_0,ct_1,ct_2,ct_3,ct_4,ct_5,ct_6
0.010353515002288,0.116993747004352,0.1168177887808,0.119272166545408,0.1168177887808,0.11926183974596799,0.11926183974596799
