ct_0,ct_1
0.016309292516799998,0.092286261445552
