ct_0,ct_1
0.12053001210668801,0.016309292516799998
