ct_0,ct_1,ct_2,ct_3,ct_4,ct_5
0.024083430998272,0.13656108559479999,0.14716827929132797,0.1461829393132,0.140536053035008,0.141161885322928
