ct_0,ct_1,ct_2,ct_3,ct_4,ct_5
0.135232821757888,0.012212934649792,0.0050695604800000005,0.010586204245168,0.016671750442431996,0.0121235785612
