ct_0,ct_1,ct_2,ct_3
0.07936611546155199,0.082878482493232,0.0490544026432,0.082878482493232
