ct_0,ct_1,ct_2
0.017103075844912,0.121579002662848,0.1133686385548
