ct_0,ct_1,ct_2
0.11544298443332798,0.012161439307312,0.013630639550128
