ct_0,ct_1,ct_2,ct_3,ct_4,ct_5,ct_6
0.07805787471620801,0.137494182941872,0.137489608914352,0.139799051726848,0.135235095082432,0.135141900111808,0.139677122528512
