ct_0,ct_1,ct_2,ct_3,ct_4,ct_5,ct_6
0.1169986060492,0.004992546507712,0.008929624737328,0.0037417434892000005,0.01006016272,0.0062914847607519996,0.003807373987888
