ct_0,ct_1,ct_2,ct_3,ct_4
0.017549938641328,0.116062107057088,0.13218714984299199,0.1217776854508,0.1217776854508
