ct_0,ct_1,ct_2,ct_3,ct_4
0.11700562479308801,0.014656291730368,0.010405913998768,0.014657984682928,0.014657984682928
