ct_0,ct_1,ct_2,ct_3
0.035600020393408004,0.10952787623531199,0.10551074409260801,0.12178042292319999
