ct_0,ct_1,ct_2,ct_3
0.9333333333333333,1.0,0.29166666666666663,1.0
