ct_0,ct_1,ct_2,ct_3
0.081840357564352,0.011120736265648001,0.04920466192,0.003837415985152
