ct_0,ct_1
0.063299726014912,0.09846782882195199
