ct_0,ct_1
0.0770192140012,0.035114843061808
