ct_0,ct_1
0.014705057411007999,0.11690359742507199
