ct_0,ct_1,ct_2,ct_3
0.135232821757888,0.012212934649792,0.015417918817072001,0.007744780183552
