ct_0,ct_1,ct_2,ct_3
0.024685648234287996,0.12190856079155199,0.119332503028528,0.125029006600192
