ct_0,ct_1,ct_2
0.019333989435328,0.11244761036108801,0.12387926560076798
