ct_0,ct_1,ct_2
0.115698885917488,0.013290754435072,0.0038113997632
