ct_0,ct_1
0.058773935104432004,0.070873526468032
