ct_0,ct_1
0.3214285714285714,0.33333333333333337
