ct_0,ct_1
0.060436853302192006,0.048020665495552
