ct_0,ct_1
0.6428571428571428,0.6666666666666667
