ct_0,ct_1
0.038830724178352004,0.09801482243891199
