ct_0,ct_1,ct_2,ct_3
0.020490516763071998,0.11142614719556801,0.115086339621808,0.12199017750596801
