ct_0,ct_1,ct_2,ct_3,ct_4,ct_5
0.10919605658444799,0.014958316908592,0.0168330374188,0.007429219891648001,0.007429219891648001,0.006847043469568
