ct_0,ct_1,ct_2,ct_3,ct_4,ct_5
0.0458447539372,0.096521720583472,0.09396103657451202,0.10234962613139198,0.10234962613139198,0.103293141250048
