ct_0,ct_1,ct_2,ct_3,ct_4
0.10312913707,0.0166989048748,0.012319313278912001,0.036755732211712,0.006594159542272
