ct_0,ct_1,ct_2,ct_3,ct_4
0.024466021589248,0.0737252259532,0.0761787870208,0.0741189027328,0.08645830501523201
