ct_0,ct_1,ct_2,ct_3,ct_4,ct_5
0.7619047619047619,0.08333333333333337,0.33333333333333337,1.0,0.25,0.25
