ct_0,ct_1,ct_2,ct_3,ct_4,ct_5
0.126524729257648,0.035040886208512,0.013499344871872,0.012281073274672,0.009893031371007999,0.009893031371007999
