ct_0,ct_1,ct_2,ct_3,ct_4,ct_5
0.038947432498432,0.142981100809648,0.14115091729811202,0.130725624449968,0.145958463099952,0.145958463099952
