ct_0,ct_1,ct_2
0.036903175976752,0.093321098427328,0.103644723115312
