ct_0,ct_1,ct_2
0.5952380952380952,0.7142857142857143,0.33333333333333337
