ct_0,ct_1,ct_2,ct_3
0.023019746241472,0.115850045704192,0.11126797579499201,0.11804492572
