ct_0,ct_1,ct_2,ct_3
0.8571428571428572,1.0,0.1333333333333333,1.0
