ct_0,ct_1,ct_2,ct_3,ct_4,ct_5,ct_6,ct_7,ct_8
0.7380952380952381,1.0,0.8,0.16666666666666663,1.0,1.0,1.0,0.8,1.0
