ct_0,ct_1,ct_2,ct_3
0.103922023279552,0.077316964698112,0.0918795403852,0.10396973346092801
