ct_0,ct_1,ct_2,ct_3
0.02369999923,0.057530120733952,0.031892839239472,0.034022653747648006
