ct_0,ct_1,ct_2,ct_3,ct_4
0.7619047619047619,0.8333333333333334,0.5454545454545454,0.33333333333333337,1.0
