ct_0,ct_1,ct_2,ct_3,ct_4
0.042446133241648,0.12808360084480003,0.1461858630208,0.15866805022719999,0.158422136915968
