ct_0,ct_1,ct_2,ct_3,ct_4
0.131815872184768,0.027078873952191995,0.019540829483007997,0.008231600723199999,0.004442454562048
