ct_0,ct_1,ct_2,ct_3,ct_4,ct_5
0.050581370894272004,0.070048856625712,0.092467377391552,0.103009680823552,0.09706066675000001,0.09706066675000001
