ct_0,ct_1,ct_2,ct_3,ct_4,ct_5
0.05843036619980801,0.0459166100992,0.011691965436208,0.006238004478208,0.022780646252799998,0.022780646252799998
