ct_0,ct_1,ct_2,ct_3,ct_4,ct_5,ct_6
0.112422580760752,0.113215399744768,0.057920150614192,0.10895466052499198,0.106608193315072,0.12279092658308802,0.128374099999792
