ct_0,ct_1,ct_2
0.018125659552192,0.111664610743552,0.11949725951123202
