ct_0,ct_1,ct_2
0.10896625182515199,0.017272809940912,0.0051698195007999995
