ct_0,ct_1,ct_2,ct_3
0.014912172186928,0.13133247873092802,0.139474759812352,0.1421543360752
