ct_0,ct_1,ct_2,ct_3
0.1313279798092,0.010878500295088,0.021930763293952,0.007377773088688
