ct_0,ct_1,ct_2,ct_3
0.022376558318847998,0.1017203286508,0.10590553215275202,0.111151254193072
