ct_0,ct_1
0.048020665495552,0.044327222544832005
