ct_0,ct_1,ct_2
0.011345287233472,0.12136238764691198,0.119161305634048
