ct_0,ct_1,ct_2
0.119161305634048,0.015642172165552,0.01270934683
