ct_0,ct_1,ct_2
0.009894336206847999,0.10930469119532801,0.11138049253931198
