ct_0,ct_1,ct_2,ct_3,ct_4,ct_5
0.126524729257648,0.035040886208512,0.012281073274672,0.006459681015807999,0.0053407768012,0.003711108585472
