ct_0,ct_1,ct_2,ct_3,ct_4,ct_5
0.025474905935871997,0.1173199981552,0.133880379702208,0.137788752320512,0.137275834846768,0.140275637769472
