ct_0,ct_1,ct_2,ct_3,ct_4,ct_5
0.052155404276992,0.072926729680048,0.123766920613888,0.120368576093632,0.120368576093632,0.120368576093632
