ct_0,ct_1,ct_2,ct_3,ct_4,ct_5
0.027174455432368003,0.09799651298636801,0.11042269161107199,0.10463012810080001,0.10463012810080001,0.10464052282719999
