ct_0,ct_1,ct_2,ct_3,ct_4,ct_5
0.11700562479308801,0.014656291730368,0.017119281245632,0.014657984682928,0.014657984682928,0.021464269024192
