ct_0,ct_1,ct_2,ct_3,ct_4,ct_5
0.099878033105152,0.125340257006512,0.127115667128752,0.125337491588032,0.125337491588032,0.127106217763072
