ct_0,ct_1,ct_2,ct_3,ct_4,ct_5,ct_6,ct_7
0.875,0.7857142857142857,0.8333333333333334,1.0,1.0,0.75,0.0625,1.0
