ct_0,ct_1
0.0250941571648,0.11331363525452798
