ct_0,ct_1
0.121004941320448,0.0075081911308
