ct_0,ct_1,ct_2,ct_3,ct_4,ct_5,ct_6
0.13062907031531198,0.019221930801088,0.080725879007152,0.015219198791728,0.016370321129728,0.007497957066928001,0.017772873203248
