ct_0,ct_1,ct_2,ct_3,ct_4,ct_5,ct_6
0.1194803995948,0.185619646534912,0.209859498321712,0.204989566106032,0.196507557173248,0.208564958608432,0.2082827088448
