ct_0,ct_1,ct_2,ct_3,ct_4,ct_5,ct_6
0.022691709945088,0.124926790491952,0.124926790491952,0.128009480287408,0.12918214839500797,0.1369605388588,0.131367909671872
