ct_0,ct_1,ct_2,ct_3,ct_4,ct_5,ct_6
0.11690359742507199,0.014705057411007999,0.014705057411007999,0.013873428534832002,0.025260710039728,0.006965413107712001,0.011737643056432
