ct_0,ct_1,ct_2,ct_3,ct_4,ct_5
0.06062796907000001,0.0472083447148,0.016300380516352,0.009218660225200001,0.006030014552512,0.003832150305328
