ct_0,ct_1,ct_2,ct_3,ct_4,ct_5
0.053100062345392,0.08359020403,0.11812887938680001,0.1210994592172,0.126796194837952,0.12742596726827202
