ct_0,ct_1
0.10924034976563202,0.0037835320048
