ct_0,ct_1
0.012074774699968,0.106657359667648
