ct_0,ct_1,ct_2,ct_3
0.0589798085488,0.047601041719552,0.016073664031168,0.016073664031168
