ct_0,ct_1,ct_2,ct_3
0.053846056937391994,0.053213282993968006,0.105480516550912,0.105480516550912
