ct_0,ct_1,ct_2,ct_3,ct_4,ct_5,ct_6
0.067245854426368,0.16028996443,0.155103830602288,0.143096535745792,0.1591536686668,0.156930463817728,0.156930463817728
