ct_0,ct_1,ct_2,ct_3,ct_4,ct_5,ct_6
0.12290790213779199,0.032485982851888,0.0064289377132,0.013069117025727998,0.004312038599728001,0.009241046996992,0.009241046996992
