ct_0,ct_1,ct_2,ct_3,ct_4
0.030386765218048,0.11278276465796801,0.11278276465796801,0.09749750366867199,0.11278276465796801
