ct_0,ct_1,ct_2,ct_3,ct_4
0.11245985958443201,0.017173083064768,0.014079580196272002,0.013513441804287998,0.014442476443072002
