ct_0,ct_1,ct_2,ct_3,ct_4
0.7380952380952381,0.1428571428571429,0.16666666666666663,1.0,0.16666666666666663
