ct_0,ct_1,ct_2
0.113345140877872,0.055624846100272005,0.012160774986928
