ct_0,ct_1,ct_2
0.003928520771008,0.094308906796288,0.094308906796288
