ct_0,ct_1
0.016467749306368,0.105262755739072
