ct_0,ct_1,ct_2,ct_3,ct_4,ct_5
0.07332844776236801,0.0111559916032,0.0379269148912,0.0537623739628,0.0537623739628,0.005576773288192
