ct_0,ct_1,ct_2,ct_3,ct_4,ct_5
0.7142857142857143,0.7142857142857143,0.75,0.23809523809523814,0.23809523809523814,1.0
