ct_0,ct_1,ct_2,ct_3,ct_4,ct_5
0.071653885888048,0.13591486976171202,0.104255109910528,0.12288428419652801,0.12288428419652801,0.141612420835888
