ct_0,ct_1,ct_2
0.75,0.8571428571428572,0.7222222222222222
