ct_0,ct_1,ct_2
0.1018361957488,0.08830838032000002,0.07555296956228799
