ct_0,ct_1,ct_2,ct_3,ct_4,ct_5,ct_6
0.018994234593327997,0.11375338363,0.119193364652848,0.12458775544964801,0.12458775544964801,0.12073464278468798,0.12137059029227198
