ct_0,ct_1,ct_2,ct_3,ct_4,ct_5
0.098287053217072,0.07003601474603201,0.11698025002475201,0.104491391607088,0.120819258953728,0.135455673268672
