ct_0,ct_1,ct_2,ct_3,ct_4,ct_5,ct_6
0.0929274138412,0.09011977019051201,0.06820796572,0.090514574061568,0.129034587922432,0.129247004614912,0.118128337683712
