ct_0,ct_1,ct_2,ct_3
0.015724742410672,0.097170703488448,0.10083911457515199,0.097170703488448
