ct_0,ct_1,ct_2,ct_3,ct_4,ct_5,ct_6,ct_7,ct_8,ct_9
0.026953119541168,0.11243429650628801,0.11205534461099198,0.10966143904403199,0.11902386631480001,0.12411343314116799,0.119742093740032,0.12511743356723198,0.12450608236715202,0.12450608236715202
