ct_0,ct_1,ct_2,ct_3,ct_4
0.0159618153868,0.125740917610288,0.12107760307000001,0.12256532398124802,0.12528274074999998
