ct_0,ct_1,ct_2,ct_3,ct_4
0.5952380952380952,0.625,0.75,0.8333333333333334,1.0
