ct_0,ct_1,ct_2,ct_3,ct_4
0.04433781328,0.10977709735556801,0.105276817068208,0.088796224361392,0.115431699170752
