ct_0,ct_1,ct_2,ct_3,ct_4
0.13191386655155202,0.012258134756800002,0.0138098294512,0.025554895139247996,0.004966573915312
