ct_0,ct_1,ct_2,ct_3
0.7857142857142857,1.0,0.8095238095238095,0.8095238095238095
