ct_0,ct_1,ct_2,ct_3
0.07487630443052799,0.101670390550528,0.09204395388280001,0.09204395388280001
