ct_0,ct_1,ct_2,ct_3,ct_4,ct_5
0.011748899489199998,0.12172841464120002,0.11923901319083202,0.124038482548912,0.12155000340587199,0.12402801278252802
