ct_0,ct_1,ct_2,ct_3,ct_4,ct_5,ct_6
0.119595716245168,0.013457398733872,0.074504323874752,0.013237151782912,0.031617540719872,0.028863415197952,0.028863415197952
