ct_0,ct_1,ct_2,ct_3,ct_4,ct_5,ct_6
0.134880623585728,0.22102227358719997,0.230285990707648,0.221473471532848,0.23524971957548801,0.239929416223792,0.239929416223792
