ct_0,ct_1,ct_2,ct_3,ct_4,ct_5
0.011864832593200002,0.11726001776363201,0.1150337345452,0.11960768529131202,0.1150337345452,0.119305866692032
