ct_0,ct_1,ct_2
0.0153954459628,0.08345824422092799,0.009864002349232
