ct_0,ct_1,ct_2
0.10771418346999999,0.035085798654208,0.11654324006891201
