ct_0,ct_1
0.8095238095238095,0.4285714285714286
