ct_0,ct_1
0.020556926544832,0.119938087094272
