ct_0,ct_1
0.12551009507987199,0.011063426278192
