ct_0,ct_1
0.038464077792688005,0.122160593658112
