ct_0,ct_1
0.1169986060492,0.004992546507712
