ct_0,ct_1,ct_2,ct_3,ct_4,ct_5,ct_6
0.022357956659199995,0.131984280949552,0.13418969170739198,0.13964664629636797,0.140276789660608,0.131984280949552,0.14183036810080002
