ct_0,ct_1,ct_2,ct_3,ct_4,ct_5,ct_6
0.12957929538092802,0.010839049674928,0.009562701418432,0.010967638720768,0.006145658828799999,0.010839049674928,0.009824220878128
