ct_0,ct_1,ct_2,ct_3,ct_4,ct_5,ct_6
0.141676000188208,0.211390484794288,0.211390484794288,0.222814150931392,0.2161701063232,0.211403969754928,0.222866496346048
