ct_0,ct_1,ct_2,ct_3,ct_4,ct_5,ct_6
0.10791158047403202,0.012406476654591998,0.012406476654591998,0.011476708119808,0.0071827346446719995,0.021705877529008,0.017376408984112
