ct_0,ct_1,ct_2,ct_3,ct_4,ct_5,ct_6
0.4444444444444444,0.75,0.75,0.16666666666666663,1.0,0.33333333333333337,0.16666666666666663
