ct_0,ct_1,ct_2,ct_3,ct_4
0.0163864399948,0.103717781963008,0.12247150311851199,0.12247150311851199,0.10770001338572799
