ct_0,ct_1,ct_2,ct_3,ct_4
0.12557816380139203,0.0190564561708,0.0132090192448,0.0132090192448,0.016411822501551997
