ct_0,ct_1,ct_2,ct_3,ct_4,ct_5
0.015122327688448001,0.127264110512128,0.12944108357483197,0.1348283902192,0.127264110512128,0.1348283902192
