ct_0,ct_1
0.044277128138032,0.07060951312
