ct_0,ct_1
0.9642857142857143,0.6666666666666667
