ct_0,ct_1
0.022350087429568,0.08398985920043199
