ct_0,ct_1
0.10160347594796801,0.015570561305392
