ct_0,ct_1,ct_2,ct_3,ct_4
0.021855169005567998,0.10976811782963201,0.119597892404272,0.10819634109956801,0.11450546068479998
