ct_0,ct_1,ct_2,ct_3,ct_4
0.8095238095238095,0.8571428571428572,0.5,1.0,1.0
