ct_0,ct_1,ct_2,ct_3,ct_4,ct_5,ct_6,ct_7,ct_8,ct_9,ct_10,ct_11,ct_12,ct_13,ct_14
0.2857142857142857,0.6111111111111112,1.0,1.0,1.0,0.19999999999999996,1.0,0.33333333333333337,0.33333333333333337,1.0,0.16666666666666663,1.0,1.0,1.0,1.0
