ct_0,ct_1,ct_2,ct_3,ct_4
0.014396848605232,0.11333926672000001,0.11976658678571199,0.115517691731392,0.120039394199488
