ct_0,ct_1,ct_2,ct_3,ct_4
0.9285714285714286,1.0,0.033333333333333326,1.0,1.0
