ct_0,ct_1
0.006337706529328,0.11259463120691202
