ct_0,ct_1
0.11259463120691202,0.007615382099199999
