ct_0,ct_1,ct_2,ct_3,ct_4,ct_5,ct_6,ct_7,ct_8,ct_9
0.9444444444444444,0.8333333333333334,0.8333333333333334,1.0,0.75,1.0,1.0,0.25,1.0,0.8
