ct_0,ct_1,ct_2,ct_3
0.043282035981232,0.078852195279808,0.124369267195312,0.127176816118192
