ct_0,ct_1,ct_2,ct_3,ct_4
0.046598708805568,0.06236154924280001,0.11371168128068802,0.11371168128068802,0.11371168128068802
