ct_0,ct_1,ct_2
0.08881396221572802,0.0851588060992,0.064660608507328
