ct_0,ct_1,ct_2,ct_3
0.375,0.7857142857142857,1.0,0.2857142857142857
