ct_0,ct_1,ct_2,ct_3
0.09733761098411199,0.0796236923392,0.049937103174832,0.105002994933808
