ct_0,ct_1,ct_2,ct_3
0.026267853860799998,0.0322927335232,0.051612631168048005,0.02123903248
