ct_0,ct_1,ct_2,ct_3
0.12120438796676801,0.021515475249088,0.005600997541168,0.005600997541168
