ct_0,ct_1,ct_2,ct_3
0.0669300865612,0.156904046626048,0.165679426359232,0.165679426359232
