ct_0,ct_1,ct_2,ct_3,ct_4
0.5555555555555556,0.5714285714285714,1.0,1.0,1.0
