ct_0,ct_1,ct_2,ct_3,ct_4
0.10760241436460802,0.06588927273515201,0.123997707322288,0.122974919876608,0.11736755774252798
