ct_0,ct_1,ct_2,ct_3,ct_4
0.033746172145071994,0.13104915465515202,0.12416469531999999,0.123442753777072,0.13331454207020801
