ct_0,ct_1
0.06447281083691199,0.0988378667008
