ct_0,ct_1,ct_2
0.012730697924272,0.091136372865712,0.015080202170368
