ct_0,ct_1,ct_2
0.101699219802112,0.028827230074287998,0.09812724667
