ct_0,ct_1,ct_2,ct_3,ct_4,ct_5,ct_6,ct_7,ct_8
0.5357142857142857,1.0,0.375,1.0,1.0,0.75,0.11111111111111116,1.0,0.4545454545454546
