ct_0,ct_1,ct_2
0.013091865956800001,0.10637188299980799,0.10031027199999999
