ct_0,ct_1,ct_2
0.1152780425728,0.007183053593008,0.009568232172592001
