ct_0,ct_1,ct_2
0.010437364013488,0.12396630260320002,0.121668751586752
