ct_0,ct_1,ct_2
0.115221110875072,0.003776720950528,0.0090549402352
