ct_0,ct_1,ct_2,ct_3
0.6190476190476191,0.33333333333333337,0.6666666666666667,1.0
