ct_0,ct_1,ct_2,ct_3
0.0558493176832,0.12747158960171198,0.12002741008,0.114542439366832
