ct_0,ct_1,ct_2,ct_3,ct_4,ct_5,ct_6
1.0,0.8333333333333334,0.75,0.8333333333333334,0.33333333333333337,0.5454545454545454,1.0
