ct_0,ct_1
0.026612502765568,0.13203893182508802
