ct_0,ct_1,ct_2,ct_3,ct_4
0.0348219112048,0.1143929421808,0.121246477715392,0.11555585801540802,0.111599268217648
