ct_0,ct_1,ct_2,ct_3,ct_4,ct_5,ct_6
0.014320837200832002,0.1214247326272,0.1258140150412,0.12413162209119999,0.126275096848048,0.12470146705412799,0.126971174712112
