ct_0,ct_1,ct_2,ct_3
0.016411822501551997,0.12557816380139203,0.12557816380139203,0.13773210857079998
