ct_0,ct_1,ct_2,ct_3,ct_4,ct_5,ct_6
0.089324404393408,0.10382558807680001,0.078129382708672,0.10852765489412801,0.1224654687232,0.1270206290032,0.1319640002188
