ct_0,ct_1,ct_2
0.095036605573552,0.122263102764592,0.0834717755968
