ct_0,ct_1,ct_2
0.0491649992908,0.025929458446768,0.052070277281200006
