ct_0,ct_1,ct_2,ct_3,ct_4,ct_5,ct_6
0.11084426401120001,0.071662657665472,0.12944611870720002,0.1167044900848,0.132236757048112,0.151168449937408,0.14151071561732798
