ct_0,ct_1,ct_2,ct_3,ct_4,ct_5,ct_6
0.032110360772272,0.069536625159472,0.016862977221567998,0.025076674117887998,0.015163446847408,0.0044929185781119995,0.0177721803052
