ct_0,ct_1,ct_2,ct_3
0.041202412369072,0.124369267195312,0.07641204123443199,0.124369267195312
