ct_0,ct_1
0.080725879007152,0.007403973009712
