ct_0,ct_1
0.008671630750000001,0.0676419491788
