ct_0,ct_1,ct_2,ct_3,ct_4,ct_5
0.023585988866991994,0.112801957121968,0.11548651687244799,0.115050374029312,0.12846782343659202,0.11729297864319999
