ct_0,ct_1,ct_2,ct_3,ct_4
0.08198786573483201,0.021272050174768,0.08693263957811201,0.071024519048128,0.076775041863088
