ct_0,ct_1,ct_2,ct_3,ct_4
0.11421352724920002,0.005043257147392,0.007847053058608,0.014703025149952,0.014703025149952
