ct_0,ct_1,ct_2,ct_3,ct_4
0.038348470067200005,0.12367828157444802,0.11884196654079998,0.10774147577732801,0.10774147577732801
