ct_0,ct_1,ct_2,ct_3,ct_4,ct_5
0.027205467278128,0.10909325663108799,0.112694280559792,0.09860794110635199,0.09860794110635199,0.11736269338667199
