ct_0,ct_1,ct_2,ct_3,ct_4,ct_5,ct_6
0.079481779523008,0.08379818340280001,0.10369705430348801,0.11590008870212799,0.11411823577796801,0.114133758926272,0.105936322429888
