ct_0,ct_1
0.1349050395148,0.015601247008432
