ct_0,ct_1
0.031502998633408,0.14812903566519997
