ct_0,ct_1,ct_2,ct_3,ct_4
0.8571428571428572,0.7142857142857143,0.08333333333333337,0.16666666666666663,0.5
