ct_0,ct_1,ct_2,ct_3,ct_4
0.009594913434928,0.09945663059276799,0.10710701008964799,0.10710701008964799,0.10710701008964799
