ct_0,ct_1,ct_2,ct_3
0.030787952121087998,0.0828828224512,0.006656059122352001,0.005862441326127999
