ct_0,ct_1,ct_2,ct_3
0.09741170931524801,0.044400147514288,0.12564901342340798,0.123261263302192
