ct_0,ct_1,ct_2,ct_3
0.008621260127152,0.105997912006912,0.105997912006912,0.105997912006912
