ct_0,ct_1,ct_2,ct_3
0.9285714285714286,0.7142857142857143,0.8333333333333334,0.8333333333333334
