ct_0,ct_1,ct_2
0.10534296584319999,0.065176823120128,0.100781107384768
