ct_0,ct_1,ct_2,ct_3
0.019343098085632,0.11080081040588802,0.12921345684275198,0.10619528842643199
