ct_0,ct_1,ct_2,ct_3
0.12053001210668801,0.016309292516799998,0.005211829246912,0.019343098085632
