ct_0,ct_1,ct_2,ct_3,ct_4
0.010405913998768,0.109603361462272,0.111635922171328,0.11406150217643202,0.111635922171328
