ct_0,ct_1,ct_2,ct_3,ct_4,ct_5,ct_6
0.09023216156972799,0.119300430959872,0.089966356081072,0.1125951640108,0.142407335015728,0.142407335015728,0.151186212127168
