ct_0,ct_1,ct_2,ct_3,ct_4,ct_5,ct_6
0.021191471737791998,0.10500611703236801,0.11564941070507198,0.11564941070507198,0.107144728023472,0.118140797073328,0.11024543474411201
