ct_0,ct_1,ct_2,ct_3,ct_4,ct_5,ct_6
0.083113423004608,0.10288355199999999,0.07770725017388799,0.107571461779888,0.132931960455472,0.1381356652912,0.107571461779888
