ct_0,ct_1,ct_2,ct_3,ct_4,ct_5,ct_6
0.875,1.0,0.8888888888888888,0.8571428571428572,1.0,1.0,1.0
