ct_0,ct_1,ct_2,ct_3
0.074753340749872,0.086543332,0.086543332,0.087987388829488
