ct_0,ct_1,ct_2,ct_3
0.11421352724920002,0.014703025149952,0.014703025149952,0.015167525470000002
