ct_0,ct_1,ct_2
0.038710138700032,0.11937436432000001,0.11937436432000001
