ct_0,ct_1,ct_2
0.11690359742507199,0.014705057411007999,0.014705057411007999
