ct_0,ct_1,ct_2,ct_3,ct_4
0.097033290657712,0.025055551425471997,0.10556547376004799,0.11572201270931198,0.11572201270931198
