ct_0,ct_1
0.11544298443332798,0.020051499305391997
