ct_0,ct_1,ct_2,ct_3,ct_4,ct_5,ct_6
0.9047619047619048,1.0,1.0,0.33333333333333337,1.0,1.0,1.0
