ct_0,ct_1,ct_2,ct_3
0.072746747083312,0.038085177557248,0.007548496357552,0.0041416996300000005
