ct_0,ct_1,ct_2,ct_3
0.05338024590443201,0.080501632,0.12690561665348798,0.130570701145648
