ct_0,ct_1,ct_2,ct_3,ct_4,ct_5,ct_6
0.046080541087792,0.0437521291072,0.059149984428592,0.095626323313072,0.095698481037568,0.091933338081328,0.096254636742448
