ct_0,ct_1,ct_2
0.103788784672432,0.015954635603392,0.0130784837488
