ct_0,ct_1,ct_2
0.5238095238095238,0.7142857142857143,0.5
