ct_0,ct_1,ct_2
0.037931637128128,0.087555885549568,0.09442445326892801
