ct_0,ct_1,ct_2,ct_3,ct_4,ct_5
0.027346943795199998,0.034524070783792,0.04869007242899201,0.028020224125888,0.007847373801472,0.014463774822832001
