ct_0,ct_1,ct_2,ct_3,ct_4,ct_5
0.098246330086192,0.0765009783052,0.053338918740928,0.0768895570672,0.105845525850112,0.106793914779952
