ct_0,ct_1,ct_2,ct_3
0.09601911512324798,0.079598923502848,0.079359929109952,0.0947829377932
