ct_0,ct_1,ct_2,ct_3,ct_4
0.0108827748592,0.12757954849720002,0.13196174687339202,0.138072098090032,0.140347637607472
