ct_0,ct_1,ct_2,ct_3
0.018609629469999996,0.11442401491148799,0.114295992519472,0.11625706337920003
