ct_0,ct_1,ct_2,ct_3
0.123062831484928,0.0108449664748,0.024570894699952,0.008469952
