ct_0,ct_1,ct_2
0.0111477534892,0.105997912006912,0.10805235289835201
