ct_0,ct_1,ct_2,ct_3,ct_4,ct_5
0.9523809523809523,1.0,0.04166666666666663,1.0,1.0,1.0
