ct_0,ct_1,ct_2,ct_3,ct_4,ct_5
0.014232381263872001,0.118209060970288,0.1224544973632,0.118240488644272,0.12043728622412803,0.1224544973632
