ct_0,ct_1,ct_2,ct_3,ct_4
0.061147973773312,0.062218203863487996,0.106846250341552,0.11856034911083199,0.11766495675212801
