ct_0,ct_1,ct_2,ct_3,ct_4,ct_5,ct_6
0.11137943087915199,0.10797985785515199,0.054051135009711995,0.10173268572395201,0.107557298040832,0.099439766253232,0.11910588866195201
