ct_0,ct_1,ct_2,ct_3,ct_4,ct_5,ct_6,ct_7,ct_8,ct_9,ct_10,ct_11,ct_12,ct_13
0.023228283654591998,0.059817948361648,0.030914090325952,0.034717937079472,0.010834447913008,0.004428129406912,0.008817371775232,0.0058299647488,0.0062247173488000004,0.003632239496752,0.006381729299392,0.00492872092,0.003892255838512,0.003752885553712
