ct_0,ct_1
0.8571428571428572,0.8571428571428572
