ct_0,ct_1,ct_2,ct_3,ct_4
0.025766573046208,0.12206359415492801,0.13786429049267201,0.1356012806128,0.130909821787312
