ct_0,ct_1,ct_2,ct_3,ct_4
0.128901611534272,0.015597496158208003,0.0038284335052,0.012327627835312,0.0076922352448
