ct_0,ct_1,ct_2,ct_3,ct_4,ct_5
0.079730415572992,0.056754310922800005,0.098874079423792,0.110939140234672,0.11472364074500799,0.1114994203468
