ct_0,ct_1,ct_2,ct_3,ct_4,ct_5
0.9444444444444444,1.0,0.8333333333333334,1.0,1.0,0.6666666666666667
