ct_0,ct_1,ct_2,ct_3,ct_4,ct_5
0.030146296952752002,0.047797060086448004,0.017127557079999998,0.006609075923248,0.0043780057612,0.0079648237168
