ct_0,ct_1,ct_2,ct_3,ct_4,ct_5
0.017682479210752,0.104244728005888,0.12491629429580801,0.12491629429580801,0.104244728005888,0.12491629429580801
