ct_0,ct_1,ct_2,ct_3,ct_4
0.025788525143488,0.12163153579820798,0.117184381999792,0.125467489606192,0.136159207
