ct_0,ct_1
0.11201226125919998,0.014294159127087999
