ct_0,ct_1
0.032945792301232,0.10773465248147199
