ct_0,ct_1,ct_2,ct_3,ct_4,ct_5,ct_6
0.060564539346352,0.029446103770287994,0.011182027592752001,0.003905272658608,0.010266450623152,0.035014176561328,0.005117485786288
