ct_0,ct_1,ct_2,ct_3,ct_4,ct_5,ct_6
0.0550318391872,0.08065700683,0.100312321990912,0.1121984645632,0.10863027389996802,0.096185375936512,0.112375189512448
