ct_0,ct_1,ct_2,ct_3,ct_4,ct_5,ct_6
0.8333333333333334,0.8666666666666667,1.0,1.0,0.5,0.38888888888888884,0.5
