ct_0,ct_1,ct_2
0.024066425213871995,0.06428113593323201,0.03719451283
