ct_0,ct_1,ct_2
0.11305956430643199,0.060714332760112,0.090950634077488
