ct_0,ct_1,ct_2,ct_3,ct_4,ct_5
0.115110497794048,0.003714202635712,0.0089513109232,0.005511047566768,0.006368425695231999,0.003773006006272
