ct_0,ct_1,ct_2,ct_3,ct_4,ct_5
0.009443363077168,0.124947783819952,0.12252087937067202,0.12177932793164799,0.12252087937067202,0.12484282965611201
