ct_0,ct_1,ct_2,ct_3
0.010819986335152,0.12474121956280002,0.13521122586419201,0.11612779792
