ct_0,ct_1,ct_2
0.049452834530752006,0.058858271957248,0.113562558213568
