ct_0,ct_1,ct_2
0.05843036619980801,0.0459166100992,0.011691965436208
