ct_0,ct_1,ct_2,ct_3,ct_4,ct_5,ct_6
0.013578575985088,0.013080156449200001,0.056887246633407995,0.017224490331952,0.012023003267008,0.019787325899199997,0.004122133494208
