ct_0,ct_1,ct_2,ct_3,ct_4,ct_5,ct_6
0.0975020732908,0.09847037573483199,0.078226494623152,0.099942010703152,0.1018078686412,0.10480428535480002,0.10645237598099198
