ct_0,ct_1,ct_2,ct_3,ct_4,ct_5
0.0150469188208,0.125257303848112,0.13595928288683198,0.133939842776368,0.12014781500651202,0.138167739270592
