ct_0,ct_1
0.06193754384747199,0.040930975882672
