ct_0,ct_1,ct_2,ct_3,ct_4
0.018346387391152,0.104390106120448,0.121091263,0.12211236453299198,0.121091263
