ct_0,ct_1,ct_2,ct_3,ct_4,ct_5,ct_6,ct_7
0.7380952380952381,1.0,0.30000000000000004,0.8571428571428572,1.0,1.0,0.5,0.8571428571428572
