ct_0,ct_1,ct_2,ct_3,ct_4,ct_5
0.014823320785072,0.08324521440107199,0.016562156379568,0.034387876860352,0.014259046846768,0.004257613832128
