ct_0,ct_1,ct_2,ct_3,ct_4,ct_5
0.164302044177328,0.068295374208448,0.153042483838912,0.164302044177328,0.176981162341552,0.1760229229228
