ct_0,ct_1,ct_2,ct_3,ct_4,ct_5,ct_6
0.023313940006912,0.11739458321612802,0.11739458321612802,0.116955956822272,0.130872188557312,0.11921129727999999,0.13092611199999998
