ct_0,ct_1,ct_2,ct_3,ct_4
0.010936712669632,0.130991841961648,0.137587962691888,0.130991841961648,0.137587962691888
