ct_0,ct_1,ct_2,ct_3,ct_4,ct_5,ct_6,ct_7
1.0,0.8333333333333334,0.8333333333333334,0.8333333333333334,0.8333333333333334,0.6666666666666667,0.5,0.5
