ct_0,ct_1,ct_2,ct_3
0.014583515203888,0.111213854216368,0.12729080349491198,0.12155164480844799
