ct_0,ct_1
0.126524729257648,0.035040886208512
