ct_0,ct_1
0.10998580958540799,0.15030378154643198
