ct_0,ct_1,ct_2,ct_3,ct_4,ct_5,ct_6
0.018711785963968,0.1403355406912,0.139618472316352,0.139618472316352,0.12084928903556802,0.1403355406912,0.1403355406912
