ct_0,ct_1,ct_2,ct_3,ct_4,ct_5,ct_6
0.13056621159659199,0.031523473883392,0.004276581746992,0.004276581746992,0.056178477604528,0.005547836741631999,0.005547836741631999
