ct_0,ct_1,ct_2,ct_3,ct_4,ct_5,ct_6
0.06317762145280001,0.069029127405232,0.11091581613879999,0.12339379707999999,0.125054427087808,0.113206325114032,0.125046137597488
