ct_0,ct_1,ct_2
0.014183452136752,0.12864250416428802,0.146725363930048
