ct_0,ct_1,ct_2
0.1322288645452,0.014183452136752,0.003947432819632
