ct_0,ct_1,ct_2,ct_3,ct_4,ct_5,ct_6,ct_7,ct_8,ct_9
0.33333333333333337,0.4,1.0,0.5,0.0714285714285714,0.33333333333333337,0.6666666666666667,1.0,0.25,0.6666666666666667
