ct_0,ct_1,ct_2,ct_3,ct_4,ct_5,ct_6,ct_7,ct_8
0.13310935675000002,0.010909083083199999,0.014636655059200001,0.003819761455408,0.008984656952368001,0.0095760407212,0.0043453284928,0.004053523846192,0.006242433860032
