ct_0,ct_1
0.019343098085632,0.11080081040588802
