ct_0,ct_1,ct_2,ct_3,ct_4
0.015154610258608,0.09818220236804799,0.09818220236804799,0.09818220236804799,0.11614072222643199
