ct_0,ct_1,ct_2
0.020748201665199997,0.11670880552748798,0.12643706061419202
