ct_0,ct_1,ct_2
0.8095238095238095,1.0,0.16666666666666663
