ct_0,ct_1,ct_2
0.1326660257392,0.010937370591232,0.0169862466112
