ct_0,ct_1,ct_2,ct_3,ct_4,ct_5
0.1102274499148,0.108185828817328,0.064557054515248,0.102107237926912,0.11122181270828799,0.10718978587000001
