ct_0,ct_1
0.013836072951808002,0.072372355435312
