ct_0,ct_1,ct_2
0.06313084675,0.073516757618608,0.085624573849648
