ct_0,ct_1,ct_2,ct_3,ct_4,ct_5,ct_6,ct_7,ct_8,ct_9,ct_10,ct_11,ct_12,ct_13,ct_14
0.7142857142857143,0.5,0.875,1.0,1.0,0.8333333333333334,1.0,0.33333333333333337,0.4545454545454546,1.0,0.5,1.0,1.0,1.0,1.0
