ct_0,ct_1,ct_2,ct_3,ct_4
0.0236494776652,0.133700915640112,0.14421087379859202,0.13290485005700797,0.14054700356036798
