ct_0,ct_1
0.106509883512832,0.013799400801712
