ct_0,ct_1
0.012428776048048,0.101025530901952
