ct_0,ct_1,ct_2,ct_3,ct_4,ct_5,ct_6
0.06025381675000001,0.048219590417199996,0.08502802743659199,0.09519475558724799,0.093423233609152,0.08502802743659199,0.09017571275699199
