ct_0,ct_1,ct_2
0.015724742410672,0.10426341568307199,0.108017679303088
