ct_0,ct_1,ct_2
0.103782046492672,0.090114820052272,0.076642682540992
