ct_0,ct_1,ct_2
0.026267853860799998,0.0322927335232,0.051612631168048005
