ct_0,ct_1,ct_2,ct_3,ct_4,ct_5,ct_6
0.021705521406208,0.128947421402368,0.142005045741568,0.144022991597872,0.146604760963072,0.142005045741568,0.142410809833648
