ct_0,ct_1,ct_2,ct_3,ct_4
0.027697670971648,0.11516848454579201,0.1176011291248,0.119762776641472,0.11975896653956801
