ct_0,ct_1
0.0112466464972,0.10160347594796801
