ct_0,ct_1,ct_2,ct_3,ct_4,ct_5,ct_6
0.023651281715199996,0.12173279398532799,0.126198023538688,0.12398393297708801,0.12395308040339201,0.126198023538688,0.123799408850608
