ct_0,ct_1,ct_2,ct_3
0.026304927723951998,0.102271215873472,0.093841661714992,0.104319485433088
