ct_0,ct_1,ct_2,ct_3
0.7619047619047619,0.8571428571428572,0.29166666666666663,1.0
