ct_0,ct_1,ct_2
0.7142857142857143,1.0,0.8571428571428572
