ct_0,ct_1,ct_2,ct_3,ct_4,ct_5
0.11055715398476801,0.058396344044992,0.12451766996320002,0.11055715398476801,0.12392388314180801,0.129860918022832
