ct_0,ct_1,ct_2,ct_3
0.0312086614732,0.10963556683000002,0.11852021452292802,0.118621644839872
