ct_0,ct_1,ct_2
0.015724742410672,0.1256479062892,0.129649820492032
