ct_0,ct_1,ct_2,ct_3,ct_4
0.097207222363072,0.015745222200112,0.015745222200112,0.014720639112448,0.019080233438127998
