ct_0,ct_1,ct_2,ct_3,ct_4
0.024536412878271997,0.11013965597291202,0.11013965597291202,0.114579422162368,0.11868729232120001
