ct_0,ct_1,ct_2,ct_3
0.051637982465968006,0.06427084012748799,0.122897466106288,0.12527057504708802
