ct_0,ct_1,ct_2,ct_3
1.0,1.0,0.33333333333333337,0.19999999999999996
