ct_0,ct_1
0.071409325164208,0.097629543166912
