ct_0,ct_1
0.7142857142857143,0.6111111111111112
