ct_0,ct_1
0.048470709437872,0.11697161224120001
