ct_0,ct_1
0.040429586133952,0.10745449866880001
