ct_0,ct_1
0.11700562479308801,0.014656291730368
