ct_0,ct_1,ct_2,ct_3,ct_4
0.08607795893828801,0.08780420066963199,0.128413706334208,0.12321508075000001,0.10145888735300801
