ct_0,ct_1,ct_2,ct_3,ct_4
0.5357142857142857,0.8333333333333334,0.375,1.0,0.8571428571428572
