ct_0,ct_1,ct_2,ct_3,ct_4
0.069021363193792,0.047550100324912005,0.021626127601072,0.014047558312191998,0.031985213325568
