ct_0,ct_1
0.12290790213779199,0.017321146484272
