ct_0,ct_1
0.3571428571428571,0.4285714285714286
