ct_0,ct_1
0.05828341075,0.092582192972032
