ct_0,ct_1,ct_2,ct_3,ct_4,ct_5
0.020996422254591997,0.120000175,0.122097020305408,0.12240677596868799,0.122097020305408,0.12237277160939199
