ct_0,ct_1,ct_2,ct_3,ct_4
0.020135672684799998,0.1090315924288,0.11090627494532798,0.11118149168531202,0.11564457113132799
