ct_0,ct_1,ct_2
0.027847002221872,0.061381682579248,0.056781584248768
