ct_0,ct_1,ct_2,ct_3,ct_4
0.039919610295232,0.11295500375680001,0.10684991415443201,0.122028527551408,0.122028527551408
