ct_0,ct_1
0.030629472022527998,0.105872657719552
