ct_0,ct_1
0.5238095238095238,0.6666666666666667
