ct_0,ct_1
0.11270494003307199,0.006358924053952
