ct_0,ct_1
0.056325748406272,0.115193722668208
