ct_0,ct_1,ct_2,ct_3,ct_4,ct_5,ct_6
0.05127659830340799,0.127176816118192,0.088197245098432,0.13973463146291198,0.133720726020352,0.138360813111088,0.13973463146291198
