ct_0,ct_1,ct_2,ct_3
0.07835160930884799,0.06306404227,0.083682565844992,0.090670268575168
