ct_0,ct_1,ct_2,ct_3,ct_4
0.8095238095238095,1.0,0.19999999999999996,0.5,1.0
