ct_0,ct_1,ct_2,ct_3,ct_4
0.024356870604592,0.11356950510635198,0.101256269480368,0.118132671332608,0.11572739126195199
