ct_0,ct_1,ct_2,ct_3,ct_4,ct_5,ct_6
0.043765530977968,0.0802078647532,0.090063343736368,0.090063343736368,0.128354577353152,0.129435489065392,0.128354577353152
