ct_0,ct_1,ct_2,ct_3,ct_4,ct_5,ct_6
0.106509883512832,0.005217473529087999,0.005217473529087999,0.003779197649152,0.0371122322092,0.024044718475311998,0.008439004045312
