ct_0,ct_1,ct_2,ct_3,ct_4,ct_5,ct_6
0.047207517934768004,0.0901564038988,0.0901564038988,0.092450907601072,0.0645583990768,0.0808196504812,0.085184580271408
