ct_0,ct_1
0.014075534896432002,0.07278106362308799
