ct_0,ct_1,ct_2,ct_3,ct_4
0.0155487446188,0.12726133010756802,0.117538395047872,0.1247136131788,0.1247136131788
