ct_0,ct_1,ct_2,ct_3,ct_4,ct_5,ct_6
0.10718716605279999,0.016659034397872,0.015407022417712,0.0050178989931999995,0.06079191211268801,0.027301494962608,0.005294953899952
