ct_0,ct_1,ct_2,ct_3,ct_4,ct_5,ct_6
0.029542361171199998,0.12441505022771199,0.129569781138352,0.14451586513964798,0.133122919206832,0.120096596894128,0.144001475242432
