ct_0,ct_1,ct_2,ct_3,ct_4,ct_5,ct_6
0.9714285714285714,1.0,0.8333333333333334,1.0,0.2142857142857143,0.6363636363636364,1.0
