ct_0,ct_1,ct_2,ct_3,ct_4,ct_5,ct_6,ct_7
0.9047619047619048,1.0,0.06666666666666665,1.0,0.33333333333333337,1.0,0.33333333333333337,1.0
