ct_0,ct_1,ct_2,ct_3,ct_4
0.067359216338368,0.048312683878192,0.075295671137728,0.051003448138672004,0.051003448138672004
