ct_0,ct_1,ct_2,ct_3
0.0267033843052,0.11757192388403201,0.12656690666756798,0.111977160497152
