ct_0,ct_1,ct_2,ct_3
0.9047619047619048,0.6666666666666667,0.33333333333333337,0.5
