ct_0,ct_1,ct_2,ct_3
0.027848485121199997,0.117523794818608,0.12146356719275199,0.12197100407084799
