ct_0,ct_1,ct_2,ct_3
0.0999594149452,0.015957712606768,0.015587949011200001,0.013192946245888
