ct_0,ct_1,ct_2,ct_3,ct_4,ct_5,ct_6
0.1428571428571429,0.16666666666666663,0.9583333333333334,0.6666666666666667,1.0,1.0,0.5
