ct_0,ct_1,ct_2,ct_3,ct_4,ct_5,ct_6
0.10718716605279999,0.016659034397872,0.045770461971712,0.007285799887792,0.007619863832512,0.020092699354047998,0.0056951117140480005
