ct_0,ct_1,ct_2,ct_3,ct_4,ct_5,ct_6
0.088707551885872,0.09785566937579201,0.04817015214899201,0.096687251243008,0.093706796946688,0.075703532455168,0.0992384889388
