ct_0,ct_1
0.8333333333333334,0.6666666666666667
