ct_0,ct_1
0.026264917693887998,0.11194684923140799
