ct_0,ct_1
0.107199741372352,0.014983431779248
