ct_0,ct_1,ct_2,ct_3,ct_4,ct_5
0.5952380952380952,0.4285714285714286,0.75,1.0,1.0,0.25
