ct_0,ct_1,ct_2,ct_3,ct_4,ct_5
0.030046299917488,0.094339044947968,0.093294068662528,0.091432612768048,0.096029219493808,0.082982660800048
