ct_0,ct_1,ct_2
0.036235383931312,0.11515237610387202,0.11515237610387202
