ct_0,ct_1,ct_2
0.9166666666666666,0.8333333333333334,0.8333333333333334
