ct_0,ct_1,ct_2,ct_3,ct_4,ct_5
0.05907209852075201,0.12239909727467202,0.11392238539499198,0.11392238539499198,0.1363786193932,0.1363786193932
