ct_0,ct_1,ct_2,ct_3,ct_4,ct_5
0.9285714285714286,1.0,0.5,0.4285714285714286,0.05555555555555558,0.08333333333333337
