ct_0,ct_1,ct_2,ct_3,ct_4,ct_5,ct_6
0.0211396694848,0.11836948091243202,0.125228551290928,0.125228551290928,0.125312603793712,0.115054668224512,0.122625141107632
