ct_0,ct_1,ct_2,ct_3,ct_4,ct_5,ct_6
0.113345140877872,0.005014768750000001,0.004158473332912,0.005124691992832,0.018526703705008,0.006152297666992,0.007363078115632001
