ct_0,ct_1,ct_2,ct_3,ct_4,ct_5,ct_6
0.013320580483888,0.11026236255467198,0.10971688648811201,0.108085453931968,0.10643198945732801,0.11048832769580799,0.104389586792368
