ct_0,ct_1,ct_2,ct_3,ct_4,ct_5
0.13138197051947198,0.130994651197888,0.1273041507328,0.145246128836272,0.141497426571712,0.150887318892208
