ct_0,ct_1,ct_2,ct_3,ct_4,ct_5
0.19444444444444442,1.0,0.5555555555555556,1.0,0.5,1.0
