ct_0,ct_1,ct_2,ct_3,ct_4
0.0519496346608,0.051619391210032,0.101614284241072,0.101614284241072,0.101614284241072
