ct_0,ct_1
0.115869954388912,0.050935638393088005
