ct_0,ct_1
0.025720849500208,0.113811134022448
