ct_0,ct_1,ct_2,ct_3,ct_4,ct_5
0.115110497794048,0.004706863187200001,0.0089513109232,0.0098626978348,0.008888528730112,0.0037943686348
