ct_0,ct_1,ct_2,ct_3,ct_4,ct_5
0.07047164032,0.124316872234432,0.11703154142003203,0.11552037935531201,0.11713630806879999,0.125939201655472
