ct_0,ct_1,ct_2,ct_3,ct_4,ct_5,ct_6
0.035645077362112,0.1175335282348,0.13125994036115202,0.13557568147000001,0.132032170451392,0.11528502543044802,0.136969674168112
