ct_0,ct_1,ct_2,ct_3
0.019221930801088,0.126175847262208,0.13105983154220802,0.13061391588275198
