ct_0,ct_1,ct_2,ct_3,ct_4,ct_5,ct_6
0.016295924735151998,0.125011323860992,0.135444300079552,0.125011323860992,0.135401653698352,0.13057126234316802,0.13057126234316802
