ct_0,ct_1,ct_2
0.007615382099199999,0.096661428453808,0.09870019612
