ct_0,ct_1,ct_2
0.11259463120691202,0.007615382099199999,0.006337706529328
