ct_0,ct_1
0.052147779540927995,0.053855024939008
