ct_0,ct_1
0.0606808408588,0.046128637157632005
