ct_0,ct_1
0.032893026338608,0.1099340152432
