ct_0,ct_1,ct_2,ct_3,ct_4
0.059284817968048,0.049196311244800006,0.093527408462272,0.102552450444592,0.10388935639556801
