ct_0,ct_1,ct_2,ct_3,ct_4
0.6428571428571428,1.0,0.8333333333333334,1.0,0.5
