ct_0,ct_1
0.0166989048748,0.08773105723
