ct_0,ct_1,ct_2,ct_3,ct_4,ct_5
0.027355443808048,0.10949304285880002,0.09883837670891199,0.111298754819248,0.10936693530419199,0.11741890798916799
