ct_0,ct_1,ct_2,ct_3,ct_4,ct_5,ct_6
0.9285714285714286,0.7222222222222222,0.9166666666666666,1.0,1.0,1.0,0.5
