ct_0,ct_1,ct_2,ct_3,ct_4,ct_5,ct_6
0.05122893951923199,0.069372829402288,0.0763856954368,0.108414022961968,0.11138155420292799,0.11138155420292799,0.11205747233079999
