ct_0,ct_1,ct_2
0.031583397418432003,0.13114750619795199,0.12935661568
