ct_0,ct_1,ct_2
0.115110497794048,0.003714202635712,0.004706863187200001
