ct_0,ct_1,ct_2,ct_3,ct_4,ct_5
0.12316230815531198,0.0787914094192,0.13806350874419202,0.129238617380272,0.145307969161648,0.160282096580608
