ct_0,ct_1
0.07332844776236801,0.0379269148912
