ct_0,ct_1
0.073792270459312,0.101600387934208
