ct_0,ct_1,ct_2,ct_3
0.045265945406128,0.007158178217392,0.034590084452800006,0.007287715265200001
