ct_0,ct_1,ct_2,ct_3
0.069258969714112,0.105883615482928,0.065479900861888,0.102902674783408
