ct_0,ct_1,ct_2,ct_3
0.7083333333333333,0.6666666666666667,1.0,1.0
