ct_0,ct_1,ct_2,ct_3,ct_4,ct_5,ct_6
0.0134839071232,0.13123688854148802,0.14400554581355202,0.14473719046700798,0.13750047231999998,0.143777659028272,0.14400554581355202
