ct_0,ct_1,ct_2
0.019914602979328,0.097772313066928,0.101714150300848
