ct_0,ct_1
0.028631523825087997,0.12163153579820798
