ct_0,ct_1
0.102869598282928,0.016030897525168
