ct_0,ct_1,ct_2,ct_3,ct_4,ct_5,ct_6,ct_7,ct_8
0.6428571428571428,1.0,0.16666666666666663,0.16666666666666663,0.3214285714285714,0.5,1.0,0.5,0.5
