ct_0,ct_1,ct_2,ct_3,ct_4,ct_5
0.0308249527408,0.064846762879408,0.064846762879408,0.098964375175168,0.07878761077292801,0.095535520524592
