ct_0,ct_1,ct_2,ct_3,ct_4,ct_5
0.067113062996272,0.0308249527408,0.034843177553199996,0.0061440782092,0.019819310312751998,0.008300480708032
