ct_0,ct_1,ct_2,ct_3,ct_4,ct_5,ct_6,ct_7
0.8809523809523809,0.16666666666666663,0.875,0.5,0.4,0.5,0.75,1.0
