ct_0,ct_1
0.073117058817328,0.1834212672268
