ct_0,ct_1
0.6666666666666667,0.6666666666666667
