ct_0,ct_1
0.135097015705648,0.017372263529391998
