ct_0,ct_1,ct_2,ct_3,ct_4,ct_5
0.025404812505087998,0.100613308025392,0.104592190282288,0.113157219679792,0.1167989030188,0.112715599851952
