ct_0,ct_1,ct_2,ct_3,ct_4,ct_5
0.05027178437483199,0.070350835797808,0.120299334525232,0.11980414618720002,0.11924607839027199,0.11612295143339202
