ct_0,ct_1,ct_2,ct_3,ct_4,ct_5
0.08318727618539198,0.011049926008768,0.034791369568432,0.008343309233968,0.010686624338608001,0.005698260680128001
