ct_0,ct_1,ct_2,ct_3,ct_4,ct_5
0.086727157810432,0.133178869601728,0.12407705806379202,0.131655983547328,0.13459399792388801,0.136360377639088
