ct_0,ct_1,ct_2,ct_3,ct_4,ct_5
0.4285714285714286,0.5714285714285714,0.33333333333333337,1.0,0.5,1.0
