ct_0,ct_1,ct_2,ct_3,ct_4,ct_5,ct_6
0.068739736979248,0.040449535793152004,0.053692379019952,0.0693051473068,0.067408659036592,0.049072761659392006,0.0733066036972
