ct_0,ct_1,ct_2,ct_3,ct_4,ct_5,ct_6
0.008304344308672,0.0371122322092,0.024044718475311998,0.006523094929408,0.010263505905087998,0.022123133075248,0.0038027290439679997
