ct_0,ct_1
0.098890402074928,0.038826769281712
