ct_0,ct_1,ct_2,ct_3,ct_4,ct_5,ct_6
0.088586903776192,0.025893206222848002,0.0980229603328,0.107820216676528,0.107820216676528,0.092676076177408,0.08796970322987199
