ct_0,ct_1,ct_2,ct_3,ct_4
0.028631523825087997,0.12163153579820798,0.117184381999792,0.12975339412139197,0.14057178748000002
