ct_0,ct_1,ct_2,ct_3,ct_4,ct_5,ct_6
0.04121683603000001,0.1572626225068,0.157618499319088,0.1134220485868,0.13154455312,0.158163721421488,0.1560775547248
