ct_0,ct_1,ct_2,ct_3,ct_4,ct_5,ct_6
0.12628119688748798,0.010712562926848,0.0043191935365120004,0.05940045480875201,0.019122203067568,0.005473955933872,0.005120618863408
