ct_0,ct_1,ct_2,ct_3,ct_4,ct_5,ct_6
0.7857142857142857,0.19999999999999996,1.0,0.5714285714285714,1.0,0.5,1.0
