ct_0,ct_1,ct_2
0.062927376376768,0.0038284335052,0.012250157106112
