ct_0,ct_1,ct_2
0.023045258485168,0.0899163907072,0.077238128740912
