ct_0,ct_1,ct_2,ct_3,ct_4
0.074838894705088,0.0590935362928,0.10109951271980801,0.11183679508479999,0.1124619899308
