ct_0,ct_1,ct_2,ct_3,ct_4
0.0589798085488,0.047601041719552,0.012587646515199998,0.004710609276928001,0.016079139118528
