ct_0,ct_1,ct_2,ct_3,ct_4,ct_5
0.1242446351308,0.09681082666316801,0.125609712275392,0.10921609322080002,0.130735730429872,0.144239383926448
