ct_0,ct_1,ct_2,ct_3,ct_4,ct_5
0.625,0.5714285714285714,0.41666666666666663,0.75,1.0,1.0
