ct_0,ct_1,ct_2,ct_3,ct_4
0.019188680425648,0.12090389588036801,0.111611485745152,0.12315241418027201,0.12339049687475198
