ct_0,ct_1,ct_2
0.016309292516799998,0.10499623049363199,0.10499623049363199
