ct_0,ct_1,ct_2,ct_3,ct_4
0.014823320785072,0.08324521440107199,0.009847696912432,0.034387876860352,0.003758147473408
