ct_0,ct_1,ct_2,ct_3,ct_4
0.09676827849932801,0.024413793411327996,0.1044430821232,0.08324521440107199,0.114554230536112
