ct_0,ct_1,ct_2
0.067113062996272,0.0308249527408,0.034843177553199996
