ct_0,ct_1,ct_2
0.054075501253888006,0.074069484586432,0.069215543388592
