ct_0,ct_1,ct_2
0.4285714285714286,0.41666666666666663,0.5
