ct_0,ct_1,ct_2
0.016309292516799998,0.092286261445552,0.092286261445552
