ct_0,ct_1,ct_2,ct_3,ct_4
0.08663571853547199,0.09724222382084799,0.105490418356528,0.079697059905472,0.107886899168512
