ct_0,ct_1,ct_2,ct_3,ct_4
0.030779269504432,0.018902699825199997,0.0152372211568,0.031909941702592,0.013775518958848
