ct_0,ct_1,ct_2,ct_3,ct_4,ct_5
0.021354094200831997,0.142474520341168,0.142474520341168,0.12484503889604799,0.144860138138032,0.144860138138032
