ct_0,ct_1,ct_2,ct_3,ct_4,ct_5
0.131815872184768,0.0097486063468,0.0097486063468,0.027078873952191995,0.008231600723199999,0.004315460468992
