ct_0,ct_1,ct_2,ct_3,ct_4,ct_5,ct_6
0.128930661020608,0.010906780892848,0.007899024670000001,0.007827168688432,0.004922778210352,0.008789243972272,0.008789243972272
