ct_0,ct_1,ct_2,ct_3,ct_4,ct_5,ct_6
0.021669557453871998,0.11902386631480001,0.127108996962352,0.122048252080432,0.127108996962352,0.125609712275392,0.125609712275392
