ct_0,ct_1,ct_2
0.104322081498928,0.035926557719488,0.11426493176555201
