ct_0,ct_1,ct_2
0.016145199785392,0.0803129146828,0.009843783929008
