ct_0,ct_1,ct_2,ct_3
0.0379564309132,0.063803087839168,0.039409463002048,0.063818723920048
