ct_0,ct_1,ct_2,ct_3
0.045934680954112,0.0070341987328,0.031248406283199998,0.007023050177199999
