ct_0,ct_1,ct_2,ct_3,ct_4,ct_5
0.0141466828912,0.097207222363072,0.015745222200112,0.015745222200112,0.017854312784128,0.014720639112448
