ct_0,ct_1,ct_2,ct_3,ct_4,ct_5
0.109693122131392,0.04768472993171201,0.11454297532,0.11454297532,0.1061279159308,0.11904233320427199
