ct_0,ct_1,ct_2,ct_3,ct_4
0.115110497794048,0.0053341847019520005,0.005824920666112,0.007497957066928001,0.004421590269999999
