ct_0,ct_1
0.038085177557248,0.06736239124907199
