ct_0,ct_1
0.072746747083312,0.038085177557248
